ID_MSMLS	PRIMARY_NAME	SMILES	MOLECULAR_FORMULA	KEGG ID_CSID	CAS ID	HMDB/YMDB ID	NEUTRAL MONOISOTOPIC MOLECULAR MASS	METLIN_ID	PC_CID	PC_SID	ChEBI	id_Mzmine	score_cosine	precursor_mz	rt	intensity	GNPS_Compound_Name	LibraryName	MQScore	MZErrorPPM	SharedPeaks	Ion_Source	Instrument	Compound_Source	PI	Data_Collector	Adduct.1	Precursor_MZ.1	Library_Class	IonMode	LibraryQualityString	Compound_Name-Topk=10	NumberHits
7	PURINE	N1C=NC2=C1C=NC=N2	C5H4N4	C15587	120-73-0	HMDB0001366	120.043596148	6193	1044	17396579	17258	813	0.981	121.05145	2.90767	109881704	Purine CollisionEnergy:205060	BERKELEY-LAB.mgf	0.92903	3.71855	3	LC-ESI	Orbitrap	Commercial	Trent Northen	JGI	M+H	121.051	3	Positive	Bronze	Purine CollisionEnergy:205060	10
8	N-ACETYLNEURAMINATE	CC(=O)N[C@@H]1[C@@H](O)C[C@](O)(O[C@H]1[C@H](O)[C@H](O)CO)C(O)=O	C11H19NO9	C19910	131-48-6	HMDB0000230	309.105981211	24101	445063	78603070	45744	1247	1	310.11423	1.01394	9157178	N-ACETYLNEURAMINATE	MONA.mgf	0.901729	3.93632	13	ESI	Orbitrap	isolated	MoNA	MoNA:MoNA037098	M+H	310.113	3	positive	Bronze	N-ACETYLNEURAMINATE	10
9	N-ACETYLMANNOSAMINE	[H][C@@]1(O)O[C@H](CO)[C@@H](O)[C@H](O)[C@@H]1NC(C)=O	C8H15NO6	C00645	7772-94-3	HMDB0001129	221.089937217	6024	11096158	310265669	63154	1194	1	222.09776	1.01451	3712435.8	N-ACETYL-MANNOSAMINE	MONA.mgf	0.983296	3.57257	10	ESI	Orbitrap	isolated	MoNA	MoNA:MoNA037095	M+H	222.097	3	positive	Bronze	N-ACETYL-MANNOSAMINE	10
12	URATE	O=C1NC2=C(N1)C(=O)NC(=O)N2	C5H4N4O3	C00366	69-93-2	HMDB0000289	168.028340014	88	1175	3657	17775	2180	1	169.03625	1.79926	1185886.8	URATE - 50.0 eV	GNPS-LIBRARY.mgf	0.881761	1.53458	5	ESI	Orbitrap	Isolated	Madeleine Ernst	Anna Abrahamsson	M+H	169.036	1	Positive	Gold	URATE - 50.0 eV	10
13	CYTIDINE	NC1=NC(=O)N(C=C1)[C@@H]1O[C@H](CO)[C@@H](O)[C@H]1O	C9H13N3O5	C00475	65-46-3	HMDB0000089	243.085520541	3376	6175	24892387	17562	2218	1	244.09355	1.59989	23107706	Cytidine	GNPS-EMBL-MCF.mgf	0.979069	14.0029	3	DI-ESI	Orbitrap	Commercial	Alexandrov Theodore	Prasad	M+H	244.09	1	Positive	Gold	Cytidine	10
14	SERINE	N[C@@H](CO)C(O)=O	C3H7NO3	C00065	56-45-1	HMDB0000187	105.042593095	30	5951	3365	17115	2298	1	106.05062	0.89267	17322624	SERINE	MONA.mgf	0.926219	5.97114	3	ESI	Orbitrap	isolated	MoNA	MoNA:MoNA037068	M+H	106.05	3	positive	Bronze		3
16	CITRULLINE	N[C@@H](CCCNC(N)=O)C(O)=O	C6H13N3O3	C00327	372-75-8	HMDB0000904	175.095691297	16	9750	3621	16349	3417	1	176.1035	1.00164	30628646	Massbank:PB000434 Citrulline|2-amino-5-(carbamoylamino)pentanoic acid	MASSBANK.mgf	0.946724	2.77269	6	ESI	LC-ESI-QTOF	Isolated	Putative Massbank Match	Massbank	[M+H]+	176.104	3	Positive	Bronze	Massbank:PB000434 Citrulline|2-amino-5-(carbamoylamino)pentanoic acid	10
18	N-ACETYLTRYPTOPHAN	CC(=O)N[C@@H](CC1=CNC2=C1C=CC=C2)C(O)=O	C13H14N2O3	CSID388950	1218-34-4	HMDB0013713	246.100442324	85257	700653	76081748	70976	3170	1	247.10852	8.92308	21744142	DL-N-Acetyltryptophan - 40.0 eV	BIRMINGHAM-UHPLC-MS-POS.mgf	0.970563	1.91423	8	ESI	Orbitrap	Isolated	PI	Data Collector	M+H	247.108	1	Positive	Gold	DL-N-Acetyltryptophan - 40.0 eV	10
19	NICOTINATE	OC(=O)C1=CN=CC=C1	C6H5NO2	C00253	59-67-6	HMDB0001488	123.032028409	240	938	3552	15940	2967	1	124.03985	1.51981	67037564	nicotinic acid CollisionEnergy:102040	BERKELEY-LAB.mgf	0.987306	6.27382	6	LC-ESI	Orbitrap	Commercial	Trent Northen	JGI	M+H	124.039	3	Positive	Bronze	nicotinic acid CollisionEnergy:102040	10
20	INOSINE	OC[C@H]1O[C@H]([C@H](O)[C@@H]1O)N1C=NC2=C1N=CNC2=O	C10H12N4O5	C00294	58-63-9	HMDB0000195	268.080769514	84	6021	3588	17596	3707	1	269.08859	4.87178	11098256	INOSINE	GNPS-LIBRARY.mgf	0.974325	2.38163	5	ESI	Orbitrap	Commercial	Aron	David Hattan	M+H	269.088	1	Positive	Gold	INOSINE	10
23	ISOLEUCINE	CC[C@H](C)[C@H](N)C(O)=O	C6H13NO2	C00407	73-32-5	HMDB0000172	131.094628665	23	6306	3697	17191	3803	0.997	132.1024	1.8945	27382492	DL-ISOLEUCINE CollisionEnergy:102040	BERKELEY-LAB.mgf	0.990195	2.65668	4	LC-ESI	Orbitrap	Commercial	Trent Northen	JGI	M+H	132.102	3	Positive	Bronze	DL-ISOLEUCINE CollisionEnergy:102040	10
31	CREATININE	CN1CC(=O)NC1=N	C4H7N3O	C00791	60-27-5	HMDB0000562	113.058911861	8	588	4049	16737	5312	0.991	114.06689	1.01048	71086776	Creatinine - 40.0 eV	BIRMINGHAM-UHPLC-MS-POS.mgf	0.928912	7.95941	3	ESI	Orbitrap	Isolated	PI	Data Collector	M+H	114.066	1	Positive	Gold	Creatinine - 40.0 eV	8
32	QUINATE	O[C@@H]1C[C@@](O)(C[C@@H](O)[C@H]1O)C(O)=O	C7H12O6	C00296	77-95-2	HMDB0003072	192.063388116	3329	70143	8967	17521	6529	1	193.07143	1.07598	722126.1	Quinic Acid	GNPS-LIBRARY.mgf	0.995756	2.2129	9	LC-ESI	Orbitrap	Commercial	Taicia Fill	Marina Maximo	M+H	193.071	3	Positive	Bronze	Quinic Acid	4
33	DIHYDROOROTATE	OC(=O)C1CC(=O)NC(=O)N1	C5H6N2O4	C00337	5988-19-2	HMDB0003349	158.03275669	64749	439216	3630	17025	5472	1	159.04044	1.29508	2764308.5	DIHYDROOROTIC ACID	MONA.mgf	0.929089	2.97424	6	ESI	Orbitrap	isolated	MoNA	MoNA:MoNA037239	M+H	159.04	3	positive	Bronze	DIHYDROOROTIC ACID	4
35	GUANIDINOACETATE	NC(=N)NCC(O)=O	C3H7N3O2	C00581	352-97-6	HMDB0000128	117.053826483	5163	763	3860	16344	6176	1	118.06168	0.98287	66176376	Glycocyamine - 40.0 eV	BIRMINGHAM-UHPLC-MS-POS.mgf	0.891028	5.94527	4	ESI	Orbitrap	Isolated	PI	Data Collector	M+H	118.061	1	Positive	Gold	Glycocyamine - 40.0 eV	10
38	METHIONINE	CSCC[C@H](N)C(O)=O	C5H11NO2S	C00073	63-68-3	HMDB0000696	149.051049291	26	6137	3373	16643	6611	1	150.05896	1.53005	58131490	METHIONINE	MONA.mgf	0.929768	6.30453	6	ESI	qTof	isolated	MoNA	MoNA:MoNA032419	M+H	150.058	3	positive	Bronze	METHIONINE	10
41	METHYLTHIOADENOSINE	CSC[C@H]1O[C@H]([C@H](O)[C@@H]1O)N1C=NC2=C1N=CN=C2N	C11H15N5O3S	C00170	2457-80-9	HMDB0001173	297.089560061	3425	439176	3470	17509	7605	1	298.09763	6.64532	59651304	5'-METHYLTHIOADENOSINE	MONA.mgf	0.984449	2.25224	6	ESI	Orbitrap	isolated	MoNA	MoNA:MoNA037292	M+H	298.097	3	positive	Bronze	5'-METHYLTHIOADENOSINE	10
42	THYMIDINE	CC1=CN([C@H]2C[C@H](O)[C@@H](CO)O2)C(=O)NC1=O	C10H14N2O5	C00214	50-89-5	HMDB0000273	242.090271568	3375	5789	3514	17748	8247	1	243.09805	5.9489	1724424	THYMIDINE	MONA.mgf	0.940249	0.376608	5	ESI	Orbitrap	isolated	MoNA	MoNA:MoNA037294	M+H	243.098	3	positive	Bronze	THYMIDINE	10
48	CYSTINE	N[C@@H](CSSC[C@H](N)C(O)=O)C(O)=O	C6H12N2O4S2	C00491	56-89-3	HMDB0000192	240.023848262	17	67678	3774	16283	8405	1	241.03156	0.87964	24896486	CYSTINE	GNPS-MSMLS.mgf	0.966608	2.27903	9	ESI	Orbitrap	Commercial	Dorrestein	Kelly Weldon	M+H	241.031	1	Positive	Gold	CYSTINE	10
50	DIETHANOLAMINE	OCCNCCO	C4H11NO2	C06772	111-42-2	HMDB0004437	105.078978601	3239	8113	8992	28123	8737	1	106.08694	0.89534	32694370	DIETHANOLAMINE	GNPS-LIBRARY.mgf	0.769843	8.98963	3	ESI	Orbitrap	Commercial	Aron	David Hattan	M+H	106.086	1	Positive	Gold	DIETHANOLAMINE	5
53	THYMINE	CC1=CNC(=O)NC1=O	C5H6N2O2	C00178	65-71-4	HMDB0000262	126.042927446	290	1135	3478	17821	10640	0.933	127.05077	3.36511	18953474	THYMINE	MONA.mgf	0.724539	6.36533	4	ESI	qTof	isolated	MoNA	MoNA:MoNA032523	M+H	127.05	3	positive	Bronze	THYMINE	1
56	URIDINE	OC[C@H]1O[C@H]([C@H](O)[C@@H]1O)N1C=CC(=O)NC1=O	C9H12N2O6	C00299	58-96-8	HMDB0000296	244.069536126	90	6029	3593	16704	10442	1	245.07755	2.32619	4833539	uridine	GNPS-SAM-SIK-KANG-LEGACY-LIBRARY.mgf	0.95345	6.53745	4	LC-ESI	qTof	Isolated	Sang Hee SHIM Kyo Bin Kang	Eunah JEONG Seungju SON	M+H	245.076	1	Positive	Gold	uridine	10
58	CARNOSINE	NCCC(=O)N[C@@H](CC1=CN=CN1)C(O)=O	C9H14N4O3	C00386	305-84-0	HMDB0000033	226.106590334	38	439224	3676	15727	10751	1	227.1147	0.89368	26774022	CARNOSINE	MONA.mgf	0.926829	3.02335	7	ESI	qTof	isolated	MoNA	MoNA:MoNA032525	M+H	227.114	3	positive	Bronze	CARNOSINE	10
59	NICOTINAMIDE	NC(=O)C1=CN=CC=C1	C6H6N2O	C00153	98-92-0	HMDB0001406	122.048012824	1497	936	3453	17154	11184	0.926	123.05584	1.61911	89535760	Spectral Match to Niacinamide from NIST14	GNPS-NIST14-MATCHES.mgf	0.951684	1.61198	3	ESI	qTof	Isolated	Data from James McKerrow	Data deposited by lamccall	M+H	123.056	3	Positive	Bronze	Spectral Match to Niacinamide from NIST14	10
62	PHENYLALANINE	N[C@@H](CC1=CC=CC=C1)C(O)=O	C9H11NO2	C00079	63-91-2	HMDB0000159	165.078978601	28	6140	3379	17295	11237	0.989	166.08687	4.93888	88369690	Spectral Match to DL-Phenylalanine from NIST14	GNPS-NIST14-MATCHES.mgf	0.993399	23.2442	6	ESI	QQQ	Isolated	Data from Pieter Dorrestein	Data deposited by lfnothias	M+H	166.083	3	Positive	Bronze	Spectral Match to DL-Phenylalanine from NIST14	10
65	ASPARTATE	N[C@@H](CC(O)=O)C(O)=O	C4H7NO4	C00049	56-84-8	HMDB0000191	133.037507717	15	5960	3351	17053	11964	1	134.04533	0.95181	23027966	L-(+)-Aspartic acid - 40.0 eV	BIRMINGHAM-UHPLC-MS-POS.mgf	0.968523	2.3905	3	ESI	Orbitrap	Isolated	PI	Data Collector	M+H	134.045	1	Positive	Gold	L-(+)-Aspartic acid - 40.0 eV	10
66	DEOXYCYTIDINE_MONOPHOSPHATE	NC1=NC(=O)N(C=C1)[C@H]1C[C@H](O)[C@@H](COP(O)(O)=O)O1	C9H14N3O7P	C00239	1032-65-1	HMDB0001202	307.056936329	3439	13945	3538	15918	12279	1	308.06509	1.63511	6575169.5	2'-DEOXYCYTIDINE 5'-MONOPHOSPHATE	MONA.mgf	0.984251	3.36812	3	ESI	qTof	isolated	MoNA	MoNA:MoNA032590	M+H	308.064	3	positive	Bronze	2'-DEOXYCYTIDINE 5'-MONOPHOSPHATE	10
68	CREATINE	CN(CC(O)=O)C(N)=N	C4H9N3O2	C00300	57-00-1	HMDB0000064	131.069476547	7	586	3594	16919	12638	1	132.07739	1.07398	94746430	CREATINE	MONA.mgf	0.967539	3.00377	3	ESI	Orbitrap	isolated	MoNA	MoNA:MoNA037360	M+H	132.077	3	positive	Bronze	CREATINE	10
69	L-DOPA	N[C@@H](CC1=CC(O)=C(O)C=C1)C(O)=O	C9H11NO4	C00355	59-92-7	HMDB0000181	197.068807845	42	6047	3648	15765	12470	1	198.07675	1.81611	42887710	LEVODOPA	MONA.mgf	0.971585	3.69768	6	N/A	ESI-QFT	isolated	MoNA	MoNA:VF-NPL-QEHF027680	[M+H]+	198.076	3	positive	Bronze	LEVODOPA	10
70	GUANOSINE	NC1=NC2=C(N=CN2[C@@H]2O[C@H](CO)[C@@H](O)[C@H]2O)C(=O)N1	C10H13N5O5	C00387	118-00-3	HMDB0000133	283.091668551	87	6802	3677	16750	13027	1	284.09982	5.21323	26527014	Spectral Match to Guanosine from NIST14	GNPS-NIST14-MATCHES.mgf	0.985519	24.2772	5	ESI	QQQ	Isolated	Data from Pieter Dorrestein	Data deposited by lfnothias	M+H	284.093	3	Positive	Bronze	Spectral Match to Guanosine from NIST14	10
74	TYROSINE	N[C@@H](CC1=CC=C(O)C=C1)C(O)=O	C9H11NO3	C00082	60-18-4	HMDB0000158	181.073893223	34	6057	3382	17895	14006	0.999	182.08192	2.4153	40920396	Tyrosine - 50.00 eV	GNPS-LIBRARY.mgf	0.970118	5.11193	6	ESI	Orbitrap	Isolated	Madeleine Ernst	Anna Abrahamsson	M+H	182.081	1	Positive	Gold	Tyrosine - 50.00 eV	10
76	ASPARAGINE	N[C@@H](CC(N)=O)C(O)=O	C4H8N2O3	C00152	70-47-3	HMDB0000168	132.053492132	14	6267	3452	17196	13132	1	133.06149	0.92026	21543580	L-(-)-Asparagine - 40.0 eV	BIRMINGHAM-UHPLC-MS-POS.mgf	0.958796	3.89895	5	ESI	Orbitrap	Isolated	PI	Data Collector	M+H	133.061	1	Positive	Gold	L-(-)-Asparagine - 40.0 eV	10
77	VALINE	CC(C)[C@H](N)C(O)=O	C5H11NO2	C00183	72-18-4	HMDB0000883	117.078978601	35	6287	3483	16414	14071	0.996	118.0871	1.28946	54533692	Valine	GNPS-EMBL-MCF.mgf	0.986168	33.6598	5	DI-ESI	Orbitrap	Commercial	Alexandrov Theodore	Prasad	M+H	118.091	1	Positive	Gold	Valine	10
78	GUANINE	NC1=NC(=O)C2=C(N1)N=CN2	C5H5N5O	C00242	73-40-5	HMDB0000132	151.049409807	315	764	3541	16235	14257	1	152.05742	1.71526	11817312	GUANINE - 60.0 eV	GNPS-LIBRARY.mgf	0.736565	2.80978	3	ESI	Orbitrap	Isolated	Madeleine Ernst	Anna Abrahamsson	M+H	152.057	1	Positive	Gold	GUANINE - 60.0 eV	3
79	HOMOSERINE	N[C@@H](CCO)C(O)=O	C4H9NO3	C00263	672-15-1	HMDB0000719	119.058243159	288	12647	3561	15699	14203	1	120.06612	0.92587	23732706	HOMOSERINE	MONA.mgf	0.975281	1.14378	4	ESI	Orbitrap	isolated	MoNA	MoNA:MoNA037370	M+H	120.066	3	positive	Bronze	HOMOSERINE	10
80	PYRIDOXINE	CC1=NC=C(CO)C(CO)=C1O	C8H11NO3	C00314	65-23-6	HMDB0000239	169.073893223	2202	1054	3608	16709	14506	0.986	170.08186	1.84916	139025580	PYRIDOXINE - 70.0 eV	GNPS-LIBRARY.mgf	0.849248	4.8446	4	ESI	Orbitrap	Isolated	Madeleine Ernst	Anna Abrahamsson	M+H	170.081	1	Positive	Gold	PYRIDOXINE - 70.0 eV	10
82	FOLATE	NC1=NC(=O)C2=NC(CNC3=CC=C(C=C3)C(=O)N[C@@H](CCC(O)=O)C(O)=O)=CN=C2N1	C19H19N7O6	C00504	59-30-3	HMDB0000121	441.139681375	246	6037	3787	27470	14624	1	442.14862	7.16901	7968857.5	Folic Acid (known structural isomers: 0; isobaric peaks in run: 11)	CMMC-FOOD-BIOMARKERS.mgf	0.970539	3.65813	9	LC-ESI	Orbitrap	Crude	Pieter Dorrestein	Julius	[M+H]+	442.147	1	Positive	Gold	Folic Acid (known structural isomers: 0; isobaric peaks in run: 11)	10
83	NICOTINAMIDE_MONONUCLEOTIDE	NC(=O)C1=CC=C[N+](=C1)[C@@H]1O[C@H](COP(O)([O-])=O)[C@@H](O)[C@H]1O	C11H15N2O8P	C00455	1094-61-7	-	334.056601978	4167	14180	3741	16171	14552	1	335.06506	1.2755	7537409	NICOTINAMIDE MONONUCLEOTIDE	MONA.mgf	0.986781	3.09671	3	ESI	Orbitrap	isolated	MoNA	MoNA:MoNA037375	M+H	335.064	3	positive	Bronze	NICOTINAMIDE MONONUCLEOTIDE	10
84	3-METHYL-L-HISTIDINE	[H][C@](N)(CC1=CN=CN1C)C(O)=O	C7H11N3O2	C01152	368-16-1	HMDB0000479	169.08513	3293	64969	24897303	27596	14781	1	170.09299	0.85523	46647290	3_METHYL_L_HISTIDINE	GNPS-LIBRARY.mgf	0.973864	5.83109	6	ESI	Orbitrap	Commercial	Aron	David Hattan	M+H	170.092	1	Positive	Gold	3_METHYL_L_HISTIDINE	10
97	DIAMINOPIMELATE	N[C@@H](CCC[C@H](N)C(O)=O)C(O)=O	C7H14N2O4	C00666	583-93-7	HMDB0001370	190.095356946	352	439283	3935	16026	240	1	191.10265	0.86432	28073794	DIAMINOPIMELATE	GNPS-LIBRARY.mgf	0.959594	1.59692	7	ESI	Orbitrap	Commercial	Aron	David Hattan	M+H	191.103	1	Positive	Gold	DIAMINOPIMELATE	10
98	AMINOADIPATE	NC(CCCC(O)=O)C(O)=O	C6H11NO4	C00956	542-32-5	HMDB0000510	161.068807845	324	92136	4207	37024	527	1	162.07576	1.08695	35763108	DL-2-ALPHA-AMINOADIPATE - 50.0 eV	GNPS-LIBRARY.mgf	0.936189	1.41219	6	ESI	Orbitrap	Isolated	Madeleine Ernst	Anna Abrahamsson	M+H	162.076	1	Positive	Gold	DL-2-ALPHA-AMINOADIPATE - 50.0 eV	10
99	DEOXYCYTIDINE	NC1=NC(=O)N(C=C1)[C@H]1C[C@H](O)[C@@H](CO)O1	C9H13N3O4	C00881	951-77-9	HMDB0000014	227.090605919	3367	13711	4137	15698	169	1	228.09772	1.70693	15714945	2'-deoxycytidine CollisionEnergy:102040	BERKELEY-LAB.mgf	0.972	1.27102	3	LC-ESI	Orbitrap	Commercial	Trent Northen	JGI	M+H	228.098	3	Positive	Bronze	2'-deoxycytidine CollisionEnergy:102040	10
101	GLUCOSAMINE-6-PHOSPHATE	N[C@H]1[C@@H](O)O[C@H](COP(O)(O)=O)[C@@H](O)[C@@H]1O (GLUCOSAMINE 6-PHOSPHATE)	C6H14NO8P	C00352	3616-42-0	HMDB0001254 (GLUCOSAMINE 6-PHOSPHATE)	259.045702941	3390	439217	24895188	15873	858	1	260.05414	0.88175	4849723	D-Glucosamine 6-phosphate - 40.0 eV	BIRMINGHAM-UHPLC-MS-POS.mgf	0.980876	4.45935	9	ESI	Orbitrap	Isolated	PI	Data Collector	M+H	260.053	1	Positive	Gold	D-Glucosamine 6-phosphate - 40.0 eV	10
104	CAFFEINE	CN1C=NC2=C1C(=O)N(C)C(=O)N2C	C8H10N4O2	C07481	58-08-2	HMDB0001847	194.080375584	1455	2519	9684	27732	707	0.999	195.08832	7.51395	63873210	Massbank:EA030305 Caffeine|1,3,7-trimethyl-3,7-dihydro-1H-purine-2,6-dione|1,3,7-trimethylpurine-2,6-dione	MASSBANK.mgf	0.996705	1.5643	7	ESI	LC-ESI-ITFT	Isolated	Putative Massbank Match	Massbank	[M+H]+	195.088	3	Positive	Bronze	Massbank:EA030305 Caffeine|1,3,7-trimethyl-3,7-dihydro-1H-purine-2,6-dione|1,3,7-trimethylpurine-2,6-dione	10
105	HOMOCYSTEINE	C(CS)C(C(=O)O)N	C4H9NO2S	C00155	454-29-5	HMDB0000742	135.035399227	63636	778	7710	17230	1091	0.97	136.04315	1.22758	1730309	HOMOCYSTEINE - 60.0 eV	GNPS-LIBRARY.mgf	0.958743	1.23378	5	ESI	Orbitrap	Isolated	Madeleine Ernst	Anna Abrahamsson	M+H	136.043	1	Positive	Gold	HOMOCYSTEINE - 60.0 eV	10
106	THEOPHYLLINE	CN1C2=C(NC=N2)C(=O)N(C)C1=O	C7H8N4O2	C07130	58-55-9	HMDB0001889	180.06472552	1458	2153	9340	28177	1890	0.998	181.07278	6.84067	46383360	MassbankEU:SM815601 Theophylline|1,3-dimethyl-7H-purine-2,6-dione	MASSBANKEU.mgf	0.994078	4.04492	6	ESI	LC-ESI-QFT	Isolated	Massbank EU	Massbank	[M+H]+	181.072	3	Positive	Bronze	MassbankEU:SM815601 Theophylline|1,3-dimethyl-7H-purine-2,6-dione	10
109	BETAINE	C[N+](C)(C)CC([O-])=O	C5H11NO2	C00719	107-43-7	HMDB0000043	117.078978601	287	247	3985	17750	2392	0.998	118.08697	0.96427	108622720	TRIMETHYL GLYCINE CollisionEnergy:102040	BERKELEY-LAB.mgf	0.980691	8.0761	3	LC-ESI	Orbitrap	Commercial	Trent Northen	JGI	M	118.086	3	Positive	Bronze	TRIMETHYL GLYCINE CollisionEnergy:102040	10
110	TRYPTOPHAN	N[C@H](CC1=CNC2=CC=CC=C12)C(O)=O	C11H12N2O2	C00525	153-94-6	HMDB0013609	204.089877638	65364	9060	3808	16296	2692	1	205.09807	6.62077	68190040	Spectral Match to L-Tryptophan from NIST14	GNPS-NIST14-MATCHES.mgf	0.942838	5.28225	6	ESI	qTof	Isolated	Data from Jeffrey McLean, Xuesong He	Data deposited by aedlund	M+H	205.097	3	Positive	Bronze	Spectral Match to L-Tryptophan from NIST14	10
111	3-SULFINOALANINE	N[C@@H](CS(=O)=O)C(O)=O (3-SULFINOALANINE)	C3H7NO4S	C00606	1115-65-7	HMDB0000996 (3-SULFINOALANINE)	153.009578407	5927	1549098	24278312 (3-SULFINOALANINE)	16345	2497	1	154.01736	0.91933	3915399.2	L-Cysteinesulfinic acid CollisionEnergy:102040	BERKELEY-LAB.mgf	0.936188	2.37773	5	LC-ESI	Orbitrap	Commercial	Trent Northen	JGI	M+H	154.017	3	Positive	Bronze	L-Cysteinesulfinic acid CollisionEnergy:102040	10
112	O-SUCCINYL-HOMOSERINE	C(COC(=O)CCC(=O)O)C(C(=O)O)N	C8H13NO6	C01118	1492-23-5	YMDB0000917	219.074287153	362	439406	4349	16160	3208	1	220.08237	1.64138	42579944	O-succinyl-L-homoserine CollisionEnergy:102040	BERKELEY-LAB.mgf	0.981912	1.9413	10	LC-ESI	Orbitrap	Commercial	Trent Northen	JGI	M+H	220.082	3	Positive	Bronze	O-succinyl-L-homoserine CollisionEnergy:102040	10
113	ALLANTOIN	NC(=O)NC1NC(=O)NC1=O	C4H6N4O3	C01551	97-59-6	HMDB0000462	158.043990078	89	204	4709	15676	2878	1	159.05188	1.0374	2921030	allantoin CollisionEnergy:102040	BERKELEY-LAB.mgf	0.967112	5.46838	5	LC-ESI	Orbitrap	Commercial	Trent Northen	JGI	M+H	159.051	3	Positive	Bronze	allantoin CollisionEnergy:102040	7
116	(2-AMINOETHYL)PHOSPHONATE	NCCP(O)(O)=O	C2H8NO3P	C03557	2041-14-7	HMDB0011747	125.024179639	4137	339	6353	15573	3621	1	126.03206	0.82245	23516874	(2-Aminoethyl)phosphonic acid	MSNLIB-POSITIVE.mgf	0.840567	8.59609	3	ESI	Orbitrap	Crude	Tomas Pluskal	Corinna Brungs	[M+H]+	126.031	1	Positive	Gold	(2-Aminoethyl)phosphonic acid	1
120	GLUCOSAMINE	N[C@H]1C(O)O[C@H](CO)[C@@H](O)[C@@H]1O (GLUCOSAMINE)	C6H13NO5	C00329	3416-24-8	HMDB0001514 (GLUCOSAMINE)	179.079372531	63216	439213	24895187	47977	4985	1	180.08734	0.85656	14482129	Glucosamine - 40.0 eV	BIRMINGHAM-UHPLC-MS-POS.mgf	0.894254	1.77933	6	ESI	Orbitrap	Isolated	PI	Data Collector	M+H	180.087	1	Positive	Gold	Glucosamine - 40.0 eV	10
121	PARAXANTHINE	CN1C=NC2=C1C(=O)N(C)C(=O)N2	C7H8N4O2	C13747	611-59-6	HMDB0001860	180.06472552	1457	4687	348275416	25858	4069	0.998	181.07256	6.75246	54851484	paraxanthine CollisionEnergy:205060	BERKELEY-LAB.mgf	0.987839	2.86515	6	LC-ESI	Orbitrap	Commercial	Trent Northen	JGI	M+H	181.072	3	Positive	Bronze	paraxanthine CollisionEnergy:205060	10
122	ADENOSINE_5'-DIPHOSPHATE	NC1=NC=NC2=C1N=CN2[C@@H]1O[C@H](COP(O)(=O)OP(O)(O)=O)[C@@H](O)[C@H]1O (ADENOSINE 5'-DIPHOSPHATE)	C10H15N5O10P2	C00008	58-64-0	HMDB0001341 (ADENOSINE 5'-DIPHOSPHATE)	427.029414749	34522	6022	24890690	16761	4800	0.965	428.03775	1.60143	694370.9	Massbank: Adenosine_Diphosphate	MASSBANK.mgf	0.880511	2.21019	4	ESI	LC-ESI-QTOF	Isolated	Putative Massbank Match	Massbank	[M+H]+	428.037	3	Positive	Bronze	Massbank: Adenosine_Diphosphate	10
124	1-METHYL-L-HISTIDINE	CN1C=NC(C[C@H](N)C(O)=O)=C1	C7H11N3O2	C01152	332-80-9	HMDB0000001	169.085126611	3741	92105	57652090	27596	5561	0.944	170.0932	1.03231	56277016	3-METHYLHISTIDINE	MONA.mgf	0.888962	6.63847	3	ESI	Orbitrap	isolated	MoNA	MoNA:MoNA037537	M+H	170.092	3	positive	Bronze	3-METHYLHISTIDINE	10
125	GALACTITOL	OC[C@H](O)[C@@H](O)[C@@H](O)[C@H](O)CO	C6H14O6	C01697	608-66-2	HMDB0000107	182.07903818	4179	11850	4837	16813	5616	1	183.0871	0.95877	4318774.5	D-Galactitol - 40.0 eV	BIRMINGHAM-UHPLC-MS-POS.mgf	0.98548	5.9173	8	ESI	Orbitrap	Isolated	PI	Data Collector	M+H	183.086	1	Positive	Gold	D-Galactitol - 40.0 eV	10
126	OXOPROLINE	OC(=O)C1CCC(=O)N1	C5H7NO3	C01879	4042-36-8	HMDB0000267	129.042593095	63632	439685	5301	16924	5511	0.996	130.05049	1.79742	20517000	D-Pyroglutamic acid CollisionEnergy:102040	BERKELEY-LAB.mgf	0.990155	3.63724	4	LC-ESI	Orbitrap	Commercial	Trent Northen	JGI	M+H	130.05	3	Positive	Bronze	D-Pyroglutamic acid CollisionEnergy:102040	10
133	1-METHYLADENOSINE	CN1C=NC2=C(N=CN2[C@@H]2O[C@H](CO)[C@@H](O)[C@H]2O)C1=N	C11H15N5O4	C02494	15763-06-1	HMDB0003331	281.112403993	6888	27476	5506	16020	6664	1	282.12094	5.89987	55125420	1-Methyladenosine CollisionEnergy:205060	BERKELEY-LAB.mgf	0.979275	3.56969	6	LC-ESI	Orbitrap	Commercial	Trent Northen	JGI	M+H	282.12	3	Positive	Bronze	1-Methyladenosine CollisionEnergy:205060	10
134	DEOXYURIDINE	OC[C@H]1O[C@H](C[C@@H]1O)N1C=CC(=O)NC1=O	C9H12N2O5	C00526	951-78-0	HMDB0000012	228.074621504	91	13712	3809	16450	6860	0.975	229.08255	3.65981	1277353.5	DEOXYURIDINE	MONA.mgf	0.942354	2.46451	5	ESI	Orbitrap	isolated	MoNA	MoNA:MoNA037120	M+H	229.082	3	positive	Bronze	DEOXYURIDINE	3
136	UROCANATE	OC(=O)\C=C\C1=CNC=N1	C6H6N2O2	C00785	104-98-3	HMDB0000301	138.042927446	298	736715	4043	30817	7395	1	139.0509	1.72624	103479280	UROCANIC ACID	MONA.mgf	0.754299	5.92574	5	ESI	qTof	isolated	MoNA	MoNA:MoNA031976	M+H	139.05	3	positive	Bronze	UROCANIC ACID	5
137	KYNURENINE	N[C@@H](CC(=O)C1=CC=CC=C1N)C(O)=O	C10H12N2O3	C00328	2922-83-0	HMDB0000684	208.08479226	72	161166	3622	16946	7235	1	209.09311	5.02295	44238284	Kynurenine	MONA.mgf	0.98586	5.10835	8	N/A	ESI-QFT	isolated	MoNA	MoNA:VF-NPL-QEHF026525	[M+H]+	209.092	3	positive	Bronze	Kynurenine	10
138	PYROGLUTAMATE	OC(=O)[C@@H]1CCC(=O)N1	C5H7NO3	C01879	98-79-3	HMDB0000267	129.042593095	3251	7405	4992	18183	8104	0.997	130.05046	1.69271	16235706	D-Pyroglutamic acid CollisionEnergy:102040	BERKELEY-LAB.mgf	0.993143	3.40258	5	LC-ESI	Orbitrap	Commercial	Trent Northen	JGI	M+H	130.05	3	Positive	Bronze	D-Pyroglutamic acid CollisionEnergy:102040	10
139	4-ACETAMIDOBUTANOATE	CC(=O)NCCCC(O)=O	C6H11NO3	C02946	3025-96-5	HMDB0003681	145.073893223	44719	18189	5865	17645	7724	0.937	146.08176	3.28181	10670122	4-ACETAMIDOBUTANOIC ACID	MONA.mgf	0.989494	5.43162	4	ESI	Orbitrap	isolated	MoNA	MoNA:MoNA037116	M+H	146.081	3	positive	Bronze	4-ACETAMIDOBUTANOIC ACID	10
142	DOPAMINE	NCCC1=CC=C(O)C(O)=C1 (DOPAMINE)	C8H11NO2	C03758	62-31-7	HMDB0000073 (DOPAMINE)	153.078978601	64	681	24277897	18243	8350	0.999	154.08705	1.80303	45995090	Massbank:PB000480 Dopamine|4-(2-aminoethyl)benzene-1,2-diol	MASSBANK.mgf	0.91367	0.198054	5	ESI	LC-ESI-QTOF	Isolated	Putative Massbank Match	Massbank	[M+H]+	154.087	3	Positive	Bronze	Massbank:PB000480 Dopamine|4-(2-aminoethyl)benzene-1,2-diol	10
147	PHOSPHOSERINE	N[C@@H](COP(O)(O)=O)C(O)=O	C3H8NO6P	C01005	407-41-0	HMDB0000272	185.008923505	297	68841	4251	15811	9236	0.994	186.01701	0.88629	8471492	O-phospho-L-serine CollisionEnergy:102040	BERKELEY-LAB.mgf	0.980059	5.41394	4	LC-ESI	Orbitrap	Commercial	Trent Northen	JGI	M+H	186.016	3	Positive	Bronze	O-phospho-L-serine CollisionEnergy:102040	10
150	CYSTATHIONINE	N[C@@H](CCSC[C@H](N)C(O)=O)C(O)=O	C7H14N2O4S	C02291	56-88-2	HMDB0000099	222.067427636	39	439258	5347	17482	9615	1	223.07547	0.88291	24384672	CYSTATHIONINE	GNPS-MSMLS.mgf	0.98722	2.12046	7	ESI	Orbitrap	Commercial	Dorrestein	Kelly Weldon	M+H	223.075	1	Positive	Gold	CYSTATHIONINE	10
151	NORVALINE	CCC[C@@H](N)C(O)=O	C5H11NO2	C01799	760-78-1	HMDB0013716	117.078978601	85259	439575	4925	28804	10049	1	118.08704	1.30261	38757680	L-NORVALINE	GNPS-EMBL-MCF.mgf	0.987594	25.2612	3	LC-ESI	Q-Exactive Plus	Commercial standard	Alexandrov Theodore	Prasad	M+H	118.09	1	Positive	Gold	L-NORVALINE	10
156	ARGININE	N[C@@H](CCCN=C(N)N)C(O)=O (ARGININE)	C6H14N4O2	C00062	74-79-3	HMDB0000517 (ARGININE)	174.111675712	13	6322	24890944	16467	10834	1	175.11958	0.88389	49650588	Massbank:PB000420 Arginine|2-amino-5-(diaminomethylideneamino)pentanoic acid	MASSBANK.mgf	0.963253	2.17833	6	ESI	LC-ESI-QTOF	Isolated	Putative Massbank Match	Massbank	[M+H]+	175.12	3	Positive	Bronze	Massbank:PB000420 Arginine|2-amino-5-(diaminomethylideneamino)pentanoic acid	10
157	TRANS-4-HYDROXY-L-PROLINE	O[C@H]1CN[C@@H](C1)C(O)=O	C5H9NO3	C01157	51-35-4	HMDB0006055	131.058243159	257	5810	24895700	18095	11126	1	132.06613	0.93409	51403390	4-HYDROXYPROLINE	MONA.mgf	0.986188	0.231078	3	ESI	Orbitrap	isolated	MoNA	MoNA:MoNA037131	M+H	132.066	3	positive	Bronze	4-HYDROXYPROLINE	10
160	N-METHYLGLUTAMATE	CNC(CCC(=O)O)C(=O)O	C6H11NO4	C01046	6753-62-4	HMDB0062660	161.068809	63297	439377	24896898	16440	11512	1	162.07664	1.00934	16221839	N_METHYLGLUTAMATE	GNPS-LIBRARY.mgf	0.934822	4.04827	5	ESI	Orbitrap	Commercial	Aron	David Hattan	M+H	162.076	1	Positive	Gold	N_METHYLGLUTAMATE	10
162	XANTHOSINE	OC[C@H]1O[C@H]([C@H](O)[C@@H]1O)N1C=NC2=C1N=C(O)N=C2O (XANTHOSINE)	C10H12N4O6	C01762	146-80-5	HMDB0000299 (XANTHOSINE)	284.075684136	3408	64959	24902123	18107	12575	1	285.08411	5.68945	7008694.5	XANTHOSINE	MONA.mgf	0.988688	4.06783	10	ESI	Orbitrap	isolated	MoNA	MoNA:MoNA037136	M+H	285.083	3	positive	Bronze	XANTHOSINE	10
164	THYROTROPIN_RELEASING_HORMONE	[H][C@@](CC1=CN=CN1)(NC(=O)[C@]1([H])CCC(=O)N1)C(=O)N1CCC[C@@]1([H])C(N)=O	C16H22N6O4	C03958	NA	HMDB0060080	362.170254	44807	638678	6679	35940	12743	0.983	363.17868	3.4947	39115656	THYROTROPIN RELEASING HORMONE	GNPS-LIBRARY.mgf	0.986313	1.93267	12	ESI	Orbitrap	Commercial	Aron	David Hattan	M+H	363.178	1	Positive	Gold	THYROTROPIN RELEASING HORMONE	10
170	N-ACETYLASPARAGINE	CC(=O)N[C@@H](CC(N)=O)C(O)=O	C6H10N2O4	CSID15903808	4033-40-3	HMDB0006028	174.064056818	NA	99715	348276809	NA	13226	1	175.07198	1.2941	5214905	N-ALPHA-ACETYL-ASPARAGINE	MONA.mgf	0.877119	5.75241	7	ESI	Orbitrap	isolated	MoNA	MoNA:MoNA037141	M+H	175.071	3	positive	Bronze	N-ALPHA-ACETYL-ASPARAGINE	10
171	PIPECOLATE	OC(=O)[C@@H]1CCCCN1	C6H11NO2	C00408	3105-95-1	HMDB0000716	129.078978601	63100	439227	3698	30913	13183	0.998	130.08644	1.34533	102570010	PIPECOLIC ACID	MONA.mgf	0.991018	3.28434	3	ESI	Orbitrap	isolated	MoNA	MoNA:MoNA038538	M+H	130.086	3	positive	Bronze	PIPECOLIC ACID	10
172	GLUCOSE_6-PHOSPHATE	OC1O[C@H](COP(O)(O)=O)[C@@H](O)[C@H](O)[C@H]1O (GLUCOSE 6-PHOSPHATE)	C6H13O9P	C00092	56-73-5	HMDB0001401 (GLUCOSE 6-PHOSPHATE)	260.029718526	145	5958	24895260	4170	13445	1	261.03806	0.89564	719028.3	Glucose 6-phosphate - 40.0 eV	BIRMINGHAM-UHPLC-MS-POS.mgf	0.971985	3.74109	8	ESI	Orbitrap	Isolated	PI	Data Collector	Unknown	261.037	1	Positive	Gold	Glucose 6-phosphate - 40.0 eV	10
173	NADP	NC(=O)C1=C[N+](=CC=C1)[C@@H]1O[C@H](COP([O-])(=O)OP(O)(=O)OC[C@H]2O[C@H]([C@H](OP(O)(O)=O)[C@@H]2O)N2C=NC3=C2N=CN=C3N)[C@@H](O)[C@H]1O (NADP)	C21H28N7O17P3	C00006	53-59-8	HMDB0000217 (NADP)	743.07545	102	5886	24897427	44409	13727	1	744.08569	1.62988	532134.9	NADP+ CollisionEnergy:102040	BERKELEY-LAB.mgf	0.904481	3.52718	11	LC-ESI	Orbitrap	Commercial	Trent Northen	JGI	M	744.083	3	Positive	Bronze	NADP+ CollisionEnergy:102040	10
182	N-ACETYLASPARTATE	CC(=O)N[C@@H](CC(O)=O)C(O)=O	C6H9NO5	C01042	997-55-7	HMDB0000812	175.048072403	3769	65065	348274831	21547	14685	1	176.05594	1.51016	8890466	Candidate Aspartic acid-C2:0 (delta mass:42.0106)	GNPS-N-ACYL-LIPIDS-MASSQL.mgf	0.969789	5.46025	8	LC-ESI	Orbitrap	Crude	Pieter Dorrestein	helenamrusso	M+H	176.055	4	Positive	Insilico	Candidate Aspartic acid-C2:0 (delta mass:42.0106)	10
185	NORSPERMIDINE	NCCCNCCCN	C6H17N3	C03375	56-18-8	HMDB0011634	131.142247559	24057	5942	24895916	16841	15131	0.921	132.15016	0.8933	38408796	BIS(3-AMINOPROPYL)AMINE	MONA.mgf	0.899118	1.27012	4	ESI	qTof	isolated	MoNA	MoNA:MoNA032046	M+H	132.15	3	positive	Bronze	BIS(3-AMINOPROPYL)AMINE	6
189	GLUCOSAMINATE	C(C(C(C(C(C(=O)O)N)O)O)O)O	C6H13NO6	C03752	3646-68-2	-	195.074289	3334	73563	6511	17784	14892	1	196.08223	0.8904	36416464	GLUCOSAMINATE	GNPS-LIBRARY.mgf	0.965548	1.55637	8	ESI	Orbitrap	Commercial	Aron	David Hattan	M+H	196.082	1	Positive	Gold	GLUCOSAMINATE	10
195	ADENOSINE-2',3'-CYCLIC-PHOSPHATE	NC1=NC=NC2=C1N=CN2C1OC(CO)C2OP(O)(=O)OC12  (2',3'-CAMP)	C10H12N5O6P	C02353	634-01-5	HMDB0011616 (2',3'-CAMP)	329.052519653	3459	2024	24891439	27844	96	0.996	330.05981	2.35576	13453396	Spectral Match to Adenosine 2',3'-cyclic monophosphate from NIST14	GNPS-NIST14-MATCHES.mgf	0.986493	0.184921	8	ESI	HCD	Isolated	Data from Pieter Dorrestein	Data deposited by lfnothias	M+H	330.06	3	Positive	Bronze	Spectral Match to Adenosine 2',3'-cyclic monophosphate from NIST14	10
196	MEVALOLACTONE	C[C@]1(O)CCOC(=O)C1	C6H10O3	CSID9999	503-48-0	HMDB0006024	130.062994186	44780	5325923	NA	NA	1353	0.942	131.07059	3.09177	8940831	DL-Mevalonic acid lactone CollisionEnergy:102040	BERKELEY-LAB.mgf	0.92867	4.30743	5	LC-ESI	Orbitrap	Commercial	Trent Northen	JGI	M+H	131.07	3	Positive	Bronze	DL-Mevalonic acid lactone CollisionEnergy:102040	8
201	O-ACETYLCARNITINE	CC(=O)OC(CC([O-])=O)C[N+](C)(C)C (O-ACETYLCARNITINE)	C9H17NO4	C02571	3040-38-8	HMDB0000201 (O-ACETYLCARNITINE)	204.123583	956	439756	24891132	15960	1305	0.999	204.12277	1.55531	35629290	ACETYL-CARNITINE	MONA.mgf	0.980996	0.822282	5	ESI	Orbitrap	isolated	MoNA	MoNA:MoNA037081	M+H	204.123	3	positive	Bronze	ACETYL-CARNITINE	10
208	N,N,N-TRIMETHYLLYSINE	C[N+](C)(C)CCCC[C@H](N)C([O-])=O (N,N,N-TRIMETHYLLYSINE)	C9H20N2O2	C03793	19253-88-4	HMDB0001325 (N,N,N-TRIMETHYLLYSINE)	188.152477894	44794	440120	24899984	17311	3021	1	189.16006	0.87431	47868260	"""NEPSILON,NEPSILON,NEPSILON-TRIMETHYLLYSINE"""	MONA.mgf	0.99168	0.161332	7	ESI	Orbitrap	isolated	MoNA	MoNA:MoNA037155	M+H	189.16	3	positive	Bronze	"""NEPSILON,NEPSILON,NEPSILON-TRIMETHYLLYSINE"""	10
212	PYRIDOXAL-PHOSPHATE	CC1=NC=C(COP(O)(O)=O)C(C=O)=C1O (PLP)	C8H10NO6P	C00018	54-47-7	HMDB0001491 (PLP)	247.024573569	235	1051	24899020	18405	3115	0.997	248.03204	1.58677	6725683.5	PYRIDOXAL_PHOSPHATE	GNPS-LIBRARY.mgf	0.975506	0.246078	8	ESI	Orbitrap	Commercial	Aron	David Hattan	M+H	248.032	1	Positive	Gold	PYRIDOXAL_PHOSPHATE	10
214	PHOSPHOENOLPYRUVATE	OC(=O)C(=C)OP(O)(O)=O (PHOSPHOENOLPYRUVATE)	C3H5O6P	C00074	138-08-9	HMDB0000263 (PHOSPHOENOLPYRUVATE)	167.982374404	152	1005	24898822	44897	3846	0.993	168.98979	1.00089	940895.7	PHOSPHO(ENOL)PYRUVIC ACID - 50.0 eV	GNPS-LIBRARY.mgf	0.836766	1.35441	3	ESI	Orbitrap	Isolated	Madeleine Ernst	Anna Abrahamsson	M+H	168.99	1	Positive	Gold	PHOSPHO(ENOL)PYRUVIC ACID - 50.0 eV	4
217	L-CARNITINE	C[N+](C)(C)C[C@H](O)CC([O-])=O (L-CARNITINE)	C7H15NO3	C00318	541-15-1	HMDB0000062 (L-CARNITINE)	161.105193	52	10917	24892246	16347	3940	0.999	162.11253	1.00823	68168024	L-CARNITINE	GNPS-MSMLS.mgf	0.97729	3.48262	5	ESI	Orbitrap	Commercial	Dorrestein	Kelly Weldon	M+H	162.112	1	Positive	Gold	L-CARNITINE	10
219	O-ACETYLSERINE	CC(=O)OC[C@H](N)C(O)=O (O-ACETYLSERINE)	C5H9NO4	C00979	5147-00-2	HMDB0003011 (O-ACETYLSERINE)	147.053157781	3270	99478	24891072	17981	4417	0.959	148.06058	1.00854	284281.06	O-ACETYL-SERINE	MONA.mgf	0.964214	3.91621	5	ESI	Orbitrap	isolated	MoNA	MoNA:MoNA037157	M+H	148.06	3	positive	Bronze	O-ACETYL-SERINE	10
220	CYTIDINE-MONOPHOSPHATE	NC1=NC(=O)N(C=C1)[C@@H]1O[C@H](COP(O)(O)=O)[C@@H](O)[C@H]1O	C9H14N3O8P	C00055	63-37-6	HMDB0000095	323.051850951	3452	6131	24892358	17361	4911	1	324.05951	1.23562	12869956	3'-CMP	MONA.mgf	0.99134	1.41259	3	ESI	Orbitrap	isolated	MoNA	MoNA:MoNA037163	M+H	324.059	3	positive	Bronze	3'-CMP	10
221	GUANOSINE-DIPHOSPHATE-MANNOSE	NC1=NC2=C(N=CN2[C@@H]2O[C@H](COP(O)(=O)OP(O)(=O)O[C@H]3O[C@H](CO)[C@@H](O)[C@H](O)[C@@H]3O)[C@@H](O)[C@H]2O)C(=O)N1 (GUANOSINE DIPHOSPHATE MANNOSE)	C16H25N5O16P2	C00096	3123-67-9	HMDB0001163 (GUANOSINE DIPHOSPHATE MANNOSE)	605.077152801	3674	18396	24895196	15820	5096	0.983	606.08502	1.33811	2980555.8	GDP-D-mannose CollisionEnergy:102040	BERKELEY-LAB.mgf	0.967463	1.10775	5	LC-ESI	Orbitrap	Commercial	Trent Northen	JGI	M+H	606.084	3	Positive	Bronze	GDP-D-mannose CollisionEnergy:102040	10
224	ADENOSINE-3',5'-DIPHOSPHATE	NC1=C2N=CN([C@@H]3O[C@H](COP(O)(O)=O)[C@@H](OP(O)(O)=O)[C@H]3O)C2=NC=N1 (ADENOSINE 3',5'-DIPHOSPHATE)	C10H15N5O10P2	C00054	1053-73-2	HMDB0000061 (ADENOSINE 3',5'-DIPHOSPHATE)	427.029414749	3533	159296	24891020	17985	5260	1	428.03683	1.32083	3931383.2	"""ADENOSINE 3',5'-DIPHOSPHATE"""	GNPS-MSMLS.mgf	0.9693	0.499076	6	ESI	Orbitrap	Commercial	Dorrestein	Kelly Weldon	M+H	428.037	1	Positive	Gold	"""ADENOSINE 3',5'-DIPHOSPHATE"""	10
225	3-NITRO-L-TYROSINE	C1=CC(=C(C=C1CC(C(=O)O)N)[N+](=O)[O-])O	C9H10N2O5	CSID58633	621-44-3	-	226.058972	6383	65124	24897825	44454	6098	1	227.06647	5.97539	82262080	3_NITRO_L_TYROSINE	GNPS-LIBRARY.mgf	0.980214	1.94879	9	ESI	Orbitrap	Commercial	Aron	David Hattan	M+H	227.066	1	Positive	Gold	3_NITRO_L_TYROSINE	10
226	P-OCTOPAMINE	NC[C@H](O)C1=CC=C(O)C=C1 (P-OCTOPAMINE)	C8H11NO2	C04227	104-14-3	HMDB0004825 (P-OCTOPAMINE)	153.078978601	61	440266	24277791	44715	5943	1	154.08615	1.35188	5272091	OCTOPAMINE	MONA.mgf	0.870337	1.48542	5	ESI	qTof	isolated	MoNA	MoNA:MoNA032077	M+H	154.086	3	positive	Bronze	OCTOPAMINE	9
227	N-ALPHA-ACETYLLYSINE	CC(=O)NC(CCCCN)C(O)=O	C8H16N2O3	C12989	1946-82-3	HMDB0000446	188.116092388	5435	92907	24890614	35704	6001	1	189.12338	1.1899	76543370	N_ALPHA_ACETYLLYSINE	GNPS-LIBRARY.mgf	0.975257	2.58182	7	ESI	Orbitrap	Commercial	Aron	David Hattan	M+H	189.123	1	Positive	Gold	N_ALPHA_ACETYLLYSINE	10
230	PYRIDOXAMINE	CC1=C(O)C(CN)=C(CO)C=N1 (PYRIDOXAMINE)	C8H12N2O2	C00534	85-87-0	HMDB0001431 (PYRIDOXAMINE)	168.089877638	238	1052	329820346	16410	6387	0.999	169.09717	0.92632	33836344	PYRIDOXAMINE - 70.0 eV	GNPS-LIBRARY.mgf	0.853836	1.08284	5	ESI	Orbitrap	Isolated	Madeleine Ernst	Anna Abrahamsson	M+H	169.097	1	Positive	Gold	PYRIDOXAMINE - 70.0 eV	5
231	5-AMINOLEVULINATE	NCC(=O)CCC(O)=O (5-AMINOLEVULINATE)	C5H9NO3	C00430	106-60-5	HMDB0001149 (5-AMINOLEVULINATE)	131.058243159	75	137	329748571	17549	7137	1	132.06566	0.98055	30434858	5-AMINOLEVULINIC ACID - 70.0 eV	GNPS-LIBRARY.mgf	0.870845	2.54186	4	ESI	Orbitrap	Isolated	Madeleine Ernst	Anna Abrahamsson	M+H	132.066	1	Positive	Gold	5-AMINOLEVULINIC ACID - 70.0 eV	10
232	DEOXYURIDINE-MONOPHOSPHATE	O[C@H]1C[C@@H](O[C@@H]1COP(O)(O)=O)N1C=CC(=O)NC1=O (dUMP)	C9H13N2O8P	C00365	964-26-1	HMDB0001409 (dUMP)	308.040951914	3440	65063	24893787	17622	7519	1	309.04819	1.65977	3191857.5	2'-DEOXYURIDINE 5'-MONOPHOSPHATE	MONA.mgf	0.982654	0.691229	3	ESI	Orbitrap	isolated	MoNA	MoNA:MoNA037180	M+H	309.048	3	positive	Bronze	2'-DEOXYURIDINE 5'-MONOPHOSPHATE	7
233	5'-DEOXYADENOSINE	C[C@H]1O[C@H]([C@H](O)[C@@H]1O)N1C=NC2=C(N)N=CN=C12	C10H13N5O3	C05198	4754-39-6	HMDB0001983	251.101839307	63895	439182	24893539	17319	7670	1	252.10939	5.75813	20732464	5'-deoxyadenosine CollisionEnergy:205060	BERKELEY-LAB.mgf	0.985489	1.63416	3	LC-ESI	Orbitrap	Commercial	Trent Northen	JGI	M+H	252.109	3	Positive	Bronze	5'-deoxyadenosine CollisionEnergy:205060	10
235	XANTHOSINE-MONOPHOSPHATE	O[C@@H]1[C@@H](COP(O)(O)=O)O[C@H]([C@@H]1O)N1C=NC2=C1NC(=O)NC2=O (XANTHOSINE-MONOPHOSPHATE)	C10H13N4O9P	C00655	523-98-8	HMDB0001554 (XANTHOSINE-MONOPHOSPHATE)	364.042019	3505	73323	3925 (XANTHOSINE-MONOPHOSPHATE)	15652	7894	1	365.04968	1.49093	2953597.8	5'-xanthylic acid - 40.0 eV	BIRMINGHAM-UHPLC-MS-POS.mgf	0.962602	1.00318	7	ESI	Orbitrap	Isolated	PI	Data Collector	M+H	365.05	1	Positive	Gold	5'-xanthylic acid - 40.0 eV	10
237	DEOXYGUANOSINE	NC1=NC2=C(N=CN2[C@H]2C[C@H](O)[C@@H](CO)O2)C(=O)N1 (DEOXYGUANOSINE)	C10H13N5O4	C00330	961-07-9	HMDB0000085 (DEOXYGUANOSINE)	267.096753929	3395	187790	24894083	17172	8000	1	268.1041	5.49172	6403720.5	DEOXYGUANOSINE	GNPS-LIBRARY.mgf	0.985227	0.45531	8	ESI	Orbitrap	Commercial	Aron	David Hattan	M+H	268.104	1	Positive	Gold	DEOXYGUANOSINE	10
238	OROTATE	OC(=O)C1=CC(=O)NC(=O)N1 (OROTATE)	C5H4N2O4	C00295	65-86-1	HMDB0000226 (OROTATE)	156.017106626	318	967	24898059	16742	8071	1	157.02435	1.42539	1052175.8	OROTATE	GNPS-LIBRARY.mgf	0.94452	2.81807	5	ESI	Orbitrap	Commercial	Aron	David Hattan	M+H	157.024	1	Positive	Gold	OROTATE	5
241	SPERMINE	NCCCNCCCCNCCCN (SPERMINE)	C10H26N4	C00750	71-44-3	HMDB0001256 (SPERMINE)	202.215746852	255	1103	57653056	15746	8557	1	203.22316	0.82093	1196676.6	SPERMINE	MONA.mgf	0.98711	0.450504	5	ESI	Orbitrap	isolated	MoNA	MoNA:MoNA037184	M+H	203.223	3	positive	Bronze	SPERMINE	10
242	N-ACETYLMETHIONINE	CC(=O)NC(CCSC)C(=O)O	C7H13NO3S	C02712	65-82-7	HMDB0011745	191.061613977	62466	448580	24890587	21557	8844	0.999	192.06908	6.69447	29469500	N-Acetyl-DL-methionine CollisionEnergy:102040	BERKELEY-LAB.mgf	0.991186	0.714999	8	LC-ESI	Orbitrap	Commercial	Trent Northen	JGI	M+H	192.069	3	Positive	Bronze	N-Acetyl-DL-methionine CollisionEnergy:102040	10
245	AICAR	NC(=O)C1=C(N)N(C=N1)[C@@H]1O[C@H](COP(O)(O)=O)[C@@H](O)[C@H]1O (AICAR)	C9H15N4O8P	C04677	3031-94-5	HMDB0001517 (AICAR)	338.062749988	3474	65110	24890538	18406	9730	1	339.07001	1.4528	7203683.5	AICAR	GNPS-MSMLS.mgf	0.971704	0.270011	11	ESI	Orbitrap	Commercial	Dorrestein	Kelly Weldon	M+H	339.07	1	Positive	Gold	AICAR	10
246	URIDINE-DIPHOSPHATE-N-ACETYLGALACTOSAMINE	CC(O)=NC1C(OP(O)(=O)OP(O)(=O)OCC2OC(C(O)C2O)N2C=CC(O)=NC2=O)OC(CO)C(O)C1O (URIDINE DIPHOSPHATE-N-ACETYLGALACTOSAMINE)	C17H27N3O17P2	C00203	7277-98-7	HMDB0000304 (URIDINE DIPHOSPHATE-N-ACETYLGALACTOSAMINE)	607.081569477	3675	1167	24900653	67168	10490	0.999	608.08905	1.04812	1940075.2	URIDINE 5'-DIPHOSPHO-N-ACETYLGALACTOSAMINE	MONA.mgf	0.906848	0.100372	8	ESI	Orbitrap	isolated	MoNA	MoNA:MoNA038573	M+H	608.089	3	positive	Bronze	URIDINE 5'-DIPHOSPHO-N-ACETYLGALACTOSAMINE	10
248	CYCLIC-GMP	NC1=NC2=C(N=CN2[C@@H]2O[C@@H]3COP(O)(=O)O[C@H]3[C@H]2O)C(=O)N1 (CYCLIC GMP)	C10H12N5O7P	C00942	7665-99-8	HMDB0001314 (CYCLIC GMP)	345.047434275	3485	24316	24895245	16356	9813	0.998	346.0553	5.22462	10157296	CYCLIC GMP	GNPS-MSMLS.mgf	0.971843	0.440935	5	ESI	Orbitrap	Commercial	Dorrestein	Kelly Weldon	M+H	346.055	1	Positive	Gold	CYCLIC GMP	10
249	HOMOCYSTEINE-THIOLACTONE	NC1CCSC1=O (HOMOCYSTEINE THIOLACTONE)	C4H7NOS	CSID96881	3622-59-1	HMDB0002287 (HOMOCYSTEINE THIOLACTONE)	117.024834541	6594	107712	24895745	60315	10324	0.999	118.03259	1.10563	20776136	DL-Homocysteine thiolactone	MSNLIB-POSITIVE.mgf	0.948443	4.78324	3	ESI	Orbitrap	Crude	Tomas Pluskal	Corinna Brungs	[M+H]+	118.032	1	Positive	Gold	DL-Homocysteine thiolactone	10
250	O-PHOSPHOSERINE	NC(COP(O)(O)=O)C(O)=O	C3H8NO6P	C01005	17885-08-4	HMDB0001721	185.008923505	297	68841	57652815	15811	10096	1	186.01627	0.87014	10718550	O-phospho-L-serine CollisionEnergy:102040	BERKELEY-LAB.mgf	0.982325	1.31247	3	LC-ESI	Orbitrap	Commercial	Trent Northen	JGI	M+H	186.016	3	Positive	Bronze	O-phospho-L-serine CollisionEnergy:102040	10
251	S-ADENOSYLHOMOCYSTEINE	N[C@@H](CCSC[C@H]1O[C@H]([C@H](O)[C@@H]1O)N1C=NC2=C(N)N=CN=C12)C(O)=O	C14H20N6O5S	C00021	979-92-0	HMDB0000939	384.12158847	296	439155	24891441	16680	10278	1	385.12845	3.27686	7797015.5	ReSpect:PT103360 S-Adenosyl-L-homocysteine|AdoHcy|S-Adenosylhomocysteine|5'-Deoxy-S-adenosyl-L-homocysteine|S-(5'-Deoxyadenosine-5')-L-homocysteine|Formycinylhomocysteine|(2S)-2-amino-4-[[(2S,3S,4R,5R)-5-(6-aminopurin	RESPECT.mgf	0.982041	1.42632	4	ESI	LC-Q-TOF/MS	Isolated	Putative ReSpect Match	ReSpect	[M+H]	385.129	3	Positive	Bronze	ReSpect:PT103360 S-Adenosyl-L-homocysteine|AdoHcy|S-Adenosylhomocysteine|5'-Deoxy-S-adenosyl-L-homocysteine|S-(5'-Deoxyadenosine-5')-L-homocysteine|Formycinylhomocysteine|(2S)-2-amino-4-[[(2S,3S,4R,5R)-5-(6-aminopurin	10
254	NORMETANEPHRINE	COC1=CC(=CC=C1O)C(O)CN (NORMETANEPHRINE)	C9H13NO3	C05589	97-31-4	HMDB0000819 (NORMETANEPHRINE)	183.089543287	66	1237	24277786	1443087	11913	1	184.09682	1.56188	4961668.5	NORMETANEPHRINE	MONA.mgf	0.892158	0.497307	7	ESI	qTof	isolated	MoNA	MoNA:MoNA032175	M+H	184.097	3	positive	Bronze	NORMETANEPHRINE	2
255	URIDINE-DIPHOSPHATE-N-ACETYLGLUCOSAMINE	CC(=O)N[C@@H]1[C@@H](O)[C@H](O)[C@@H](CO)O[C@@H]1OP(O)(=O)OP(O)(=O)OC[C@H]1O[C@H]([C@H](O)[C@@H]1O)N1C=CC(=O)NC1=O (URIDINE DIPHOSPHATE-N-ACETYLGLUCOSAMINE)	C17H27N3O17P2	C00043	528-04-1	HMDB0000290 (URIDINE DIPHOSPHATE-N-ACETYLGLUCOSAMINE)	607.081569477	41549	445675	24900646	16264	11291	1	608.08875	1.07457	1576512.4	URIDINE 5'-DIPHOSPHO-N-ACETYLGLUCOSAMINE	MONA.mgf	0.953059	0.401488	11	ESI	Orbitrap	isolated	MoNA	MoNA:MoNA038579	M+H	608.089	3	positive	Bronze	URIDINE 5'-DIPHOSPHO-N-ACETYLGLUCOSAMINE	10
256	GUANOSINE-DIPHOSPHATE	NC1=NC2=C(N=CN2[C@@H]2O[C@H](COP(O)(=O)OP(O)(O)=O)[C@@H](O)[C@H]2O)C(=O)N1 (GUANOSINE DIPHOSPHATE)	C10H15N5O11P2	C00035	146-91-8	HMDB0001201 (GUANOSINE DIPHOSPHATE)	443.024329371	99	8977	24895291	17552	11477	1	444.03223	1.59211	1107338.8	Guanosine diphosphate - 40.0 eV	BIRMINGHAM-UHPLC-MS-POS.mgf	0.985683	0.618555	7	ESI	Orbitrap	Isolated	PI	Data Collector	M+H	444.032	1	Positive	Gold	Guanosine diphosphate - 40.0 eV	8
257	GLUTATHIONE-REDUCED	N[C@@H](CCC(=O)N[C@@H](CS)C(=O)NCC(O)=O)C(O)=O	C10H17N3O6S	C00051	70-18-8	HMDB0000125	307.083805981	44	124886	24895164	16856	12017	1	308.09097	1.54049	2950904.2	Glutathione - 40.0 eV	BIRMINGHAM-UHPLC-MS-POS.mgf	0.9754	0.0990538	13	ESI	Orbitrap	Isolated	PI	Data Collector	M+H	308.091	1	Positive	Gold	Glutathione - 40.0 eV	10
259	N,N-DIMETHYLARGININE	N[C@@H](CCC\N=C(/N)N(C)C)C(O)=O (N,N-DIMETHYLARGININE)	C8H18N4O2	C03626	30315-93-6	HMDB0001539 (N,N-DIMETHYLARGININE)	202.142976	6891	123831	24278027	17929	11857	1	203.15047	1.14221	47835924	N_N_DIMETHYLARGININE	GNPS-LIBRARY.mgf	0.975863	2.47866	7	ESI	Orbitrap	Commercial	Aron	David Hattan	M+H	203.15	1	Positive	Gold	N_N_DIMETHYLARGININE	10
271	GUANOSINE-MONOPHOSPHATE	NC1=NC2=C(N=CN2[C@@H]2O[C@H](COP(O)(O)=O)[C@@H](O)[C@H]2O)C(=O)N1 (GUANOSINE MONOPHOSPHATE)	C10H14N5O8P	C00144	85-32-5	HMDB0001397 (GUANOSINE MONOPHOSPHATE)	363.057998961	98	6804	24895338	17345	13552	1	364.06537	1.67709	4630389	Guanosine-5'-monophosphate	WINE-DB-ORBITRAP.mgf	0.988108	3.68829	5	ESI	Orbitrap	Commercial	Axel_Marchal	TE_MLS	M+H	364.064	1	Positive	Gold	Guanosine-5'-monophosphate	10
289	DEOXYADENOSINE	NC1=C2N=CN([C@H]3C[C@H](O)[C@@H](CO)O3)C2=NC=N1 (DEOXYADENOSINE)	C10H13N5O3	C00559	958-09-8	HMDB0000101 (DEOXYADENOSINE)	251.101839307	3382	13730	24894129	17256	444	0.998	252.10957	5.23682	37540696	2'-deoxyadenosine CollisionEnergy:205060	BERKELEY-LAB.mgf	0.993644	2.17888	7	LC-ESI	Orbitrap	Commercial	Trent Northen	JGI	M+H	252.109	3	Positive	Bronze	2'-deoxyadenosine CollisionEnergy:205060	10
290	N-ACETYLPUTRESCINE	CC(=O)NCCCCN (N-ACETYLPUTRESCINE)	C6H14N2O	C02714	18233-70-0	HMDB0002064 (N-ACETYLPUTRESCINE)	130.11061308	3252	122356	57653891	17768	1043	1	131.11824	1.26062	77084824	N-ACETYLPUTRESCINE	MONA.mgf	0.816759	2.21112	3	ESI	qTof	isolated	MoNA	MoNA:MoNA032202	M+H	131.118	3	positive	Bronze	N-ACETYLPUTRESCINE	4
291	N-ACETYLGALACTOSAMINE	CC(=O)N[C@H]1[C@H](O)O[C@H](CO)[C@H](O)[C@@H]1O	C8H15NO6	C01074	1811-31-0	HMDB0000212	221.089937217	321904	24890693	43612	28800	1986	0.999	222.09743	0.99464	11082603	N-ACETYL-GALACTOSAMINE	MONA.mgf	0.953551	1.92369	8	ESI	Orbitrap	isolated	MoNA	MoNA:MoNA037462	M+H	222.097	3	positive	Bronze	N-ACETYL-GALACTOSAMINE	10
295	N-ACETYLCYSTEINE	CC(=O)N[C@@H](CS)C(O)=O	C5H9NO3S	C06809	616-91-1	HMDB0001890	163.030313849	784	12035	24277970	28939	1786	1	164.0376	3.11412	6826645	N-ACETYL-L-CYSTEINE - 40.0 eV	GNPS-LIBRARY.mgf	0.969747	2.13946	6	ESI	Orbitrap	Isolated	Madeleine Ernst	Anna Abrahamsson	M+H	164.038	1	Positive	Gold	N-ACETYL-L-CYSTEINE - 40.0 eV	10
297	PANTOTHENATE	CC(C)(CO)C(O)C(=O)NCCC(O)=O (PANTOTHENATE)	C9H17NO5	C00864	79-83-4	HMDB0000210 (PANTOTHENATE)	219.110672659	241	6613	57647913	46905	2148	1	220.11823	5.92975	33145330	Massbank:LU087003 Pantothenate|Pantothenic acid|3-[[(2R)-2,4-dihydroxy-3,3-dimethylbutanoyl]amino]propanoic acid	MASSBANK.mgf	0.947628	1.17846	10	ESI	Hybrid FT	Isolated	Massbank	Massbank	M+H	220.118	3	Positive	Bronze	Massbank:LU087003 Pantothenate|Pantothenic acid|3-[[(2R)-2,4-dihydroxy-3,3-dimethylbutanoyl]amino]propanoic acid	10
298	2-AMINOISOBUTYRATE	CC(C)(N)C(O)=O	C4H9NO2	C03665	62-57-7	HMDB0001906	103.063328537	37	6119	24888304	27971	1548	0.999	104.07106	1.05077	52593904	2-AMINO-2-METHYLPROPANOATE	GNPS-EMBL-MCF.mgf	0.98931	9.89688	3	LC-ESI	Q-Exactive Plus	Commercial standard	Alexandrov Theodore	Prasad	M+H	104.07	1	Positive	Gold	2-AMINO-2-METHYLPROPANOATE	10
300	S-CARBOXYMETHYLCYSTEINE	NC(CSCC(O)=O)C(O)=O	C5H9NO4S	C03727	638-23-3	-	179.025228471	1525	193653	24892985	16163	3058	1	180.03265	1.08087	26174580	S-CARBOXYMETHYL-L-CYSTEINE - 50.0 eV	GNPS-LIBRARY.mgf	0.864384	1.61035	6	ESI	Orbitrap	Isolated	Madeleine Ernst	Anna Abrahamsson	M+H	180.033	1	Positive	Gold	S-CARBOXYMETHYL-L-CYSTEINE - 50.0 eV	10
303	HISTIDINOL	N[C@H](CO)CC1=CN=CN1 (HISTIDINOL)	C6H11N3O	C00860	4836-52-6	HMDB0003431 (HISTIDINOL)	141.090211989	301	165271	24895755	16255	3255	1	142.09776	0.78892	48983212	HISTIDINOL	MONA.mgf	0.89785	5.47653	4	ESI	qTof	isolated	MoNA	MoNA:MoNA032228	M+H	142.097	3	positive	Bronze	HISTIDINOL	10
304	THYMIDINE-MONOPHOSPHATE	CC1=CN([C@H]2C[C@H](O)[C@@H](COP(O)(O)=O)O2)C(=O)NC1=O (THYMIDINE-MONOPHOSPHATE)	C10H15N2O8P	C00364	365-07-1	HMDB0001227 (THYMIDINE-MONOPHOSPHATE)	322.056601978	3451	9700	24900546	17013	3888	1	323.06442	2.62452	3645128.2	THYMIDINE 5'-MONOPHOSPHATE	MONA.mgf	0.987771	1.13356	4	ESI	Orbitrap	isolated	MoNA	MoNA:MoNA037214	M+H	323.064	3	positive	Bronze	THYMIDINE 5'-MONOPHOSPHATE	10
305	UREIDOPROPIONATE	NC(=O)NCCC(O)=O	C4H8N2O3	C02642	462-88-4	HMDB0000026	132.053492132	294	111	57653594	18261	4020	1	133.06102	1.4641	14625143	3-Ureidopropionic acid	MSNLIB-POSITIVE.mgf	0.701554	0.344025	3	ESI	Orbitrap	Crude	Tomas Pluskal	Corinna Brungs	[M+H]+	133.061	1	Positive	Gold	3-Ureidopropionic acid	1
306	5-AMINOPENTANOATE	NCCCCC(O)=O	C5H11NO2	C00431	660-88-8	HMDB0003355	117.078978601	6902	138	24847525	15887	3490	0.999	118.08659	1.13247	39459972	5-AMINOPENTANOATE	PSU-MSMLS.mgf	0.867195	3.1012	4	ESI	qTof	Commercial	Andrew D. Patterson	Philip Smith	[M+H]+	118.087	1	Positive	Gold	5-AMINOPENTANOATE	10
307	NORLEUCINE	CCCC[C@H](N)C(O)=O	C6H13NO2	C01933	327-57-1	HMDB0001645	131.094628665	6334	21236	24897796	18347	4284	0.999	132.10216	2.29868	54153736	Norleucine	GNPS-EMBL-MCF.mgf	0.988809	59.3673	3	DI-ESI	Orbitrap	Commercial	Alexandrov Theodore	Prasad	M+H	132.11	1	Positive	Gold	Norleucine	10
309	ADENOSINE	NC1=NC=NC2=C1N=CN2[C@@H]1O[C@H](CO)[C@@H](O)[C@H]1O	C10H13N5O4	C00212	58-61-7	HMDB0000050	267.096753929	86	60961	24277685	16335	4184	0.999	268.10403	4.15842	40050304	Massbank:EQ330401 Adenosine|(2R,3R,4S,5R)-2-(6-aminopurin-9-yl)-5-(hydroxymethyl)oxolane-3,4-diol	MASSBANK.mgf	0.990202	0.341482	4	ESI	Hybrid FT	Isolated	Massbank	Massbank	M+H	268.104	3	Positive	Bronze	Massbank:EQ330401 Adenosine|(2R,3R,4S,5R)-2-(6-aminopurin-9-yl)-5-(hydroxymethyl)oxolane-3,4-diol	10
312	2-ACETAMIDO-2-DEOXY-BETA-D-GLUCOSYLAMINE	CC(=O)N[C@H]1[C@H](N)O[C@H](CO)[C@@H](O)[C@@H]1O	C8H16N2O5	C01239	4229-38-3	HMDB0001104	220.105923	6006	439454	348275047	15947	5201	1	221.11363	0.87817	1777724.5	2_ACETAMIDO_2_DEOXY_BETA_D_GLUCOSYLAMINE	GNPS-LIBRARY.mgf	0.920502	2.69135	8	ESI	Orbitrap	Commercial	Aron	David Hattan	M+H	221.113	1	Positive	Gold	2_ACETAMIDO_2_DEOXY_BETA_D_GLUCOSYLAMINE	2
316	LACTOSE	OC[C@H]1O[C@@H](O[C@H]2[C@H](O)[C@@H](O)[C@@H](O)O[C@@H]2CO)[C@H](O)[C@@H](O)[C@H]1O (LACTOSE)	C12H22O11	C00243	63-42-3	HMDB0000186 (LACTOSE)	342.116211546	267	440995	329759435	17716	6045	1	343.12369	0.94266	1603764	BETA-LACTOSE	MONA.mgf	0.992295	1.95669	9	ESI	Orbitrap	isolated	MoNA	MoNA:MoNA038771	M+H	343.123	3	positive	Bronze	BETA-LACTOSE	10
318	4-IMIDAZOLEACETATE	OC(=O)CC1=CN=CN1 (4-IMIDAZOLEACETATE)	C5H6N2O2	C02835	645-65-8	HMDB0002024 (4-IMIDAZOLEACETATE)	126.042927446	6445	96215	24853158	16974	6746	1	127.05061	1.06199	46746068	Imidazole-4(5)-acetic Acid - 30.0 eV	BIRMINGHAM-UHPLC-MS-POS.mgf	0.991451	4.80403	4	ESI	Orbitrap	Isolated	PI	Data Collector	Unknown	127.05	1	Positive	Gold	Imidazole-4(5)-acetic Acid - 30.0 eV	10
321	CYCLIC-AMP	[H][C@@]12COP(O)(=O)O[C@@]1([H])[C@@H](O)[C@@H](O2)N1C=NC2=C1N=CN=C2N	C10H12N5O6P	C00575	60-92-4	HMDB0000058	329.052519653	92	6076	24278245	17489	6814	1	330.05945	4.87925	8764331	Adenosine Cyclophosphate - 40.0 eV	BIRMINGHAM-UHPLC-MS-POS.mgf	0.969951	1.84921	10	ESI	Orbitrap	Isolated	PI	Data Collector	M+H	330.06	1	Positive	Gold	Adenosine Cyclophosphate - 40.0 eV	10
322	METHIONINE-SULFOXIMINE	CS(=N)(=O)CCC(N)C(O)=O	C5H12N2O3S	C03510	15985-39-4	-	180.05686295	65992	89034	24278555	28490	7093	0.999	181.06418	0.87977	36351156	METHIONINE SULFOXIMINE	GNPS-LIBRARY.mgf	0.992277	0.927002	6	ESI	Orbitrap	Commercial	Aron	David Hattan	M+H	181.064	1	Positive	Gold	METHIONINE SULFOXIMINE	10
323	CIS-4-HYDROXY-D-PROLINE	O[C@H]1CN[C@H](C1)C(O)=O	C5H9NO3	C03440	2584-71-6	HMDB0060460	131.058243159	63098	440014	24895713	16231	6568	1	132.06598	0.92694	50551304	4-HYDROXYPROLINE	MONA.mgf	0.995556	0.231078	4	ESI	Orbitrap	isolated	MoNA	MoNA:MoNA038598	M+H	132.066	3	positive	Bronze	4-HYDROXYPROLINE	10
324	N1-ACETYLSPERMINE	CC(=O)NCCCNCCCCNCCCN (N1-ACETYLSPERMINE)	C12H28N4O	C02567	25593-72-0	HMDB0001186 (N1-ACETYLSPERMINE)	244.226311538	3369	916	329747292	17312	7287	1	245.23392	0.77019	15837216	N1-ACETYLSPERMINE	GNPS-MSMLS.mgf	0.984205	0.311107	7	ESI	Orbitrap	Commercial	Dorrestein	Kelly Weldon	M+H	245.234	1	Positive	Gold	N1-ACETYLSPERMINE	10
325	GLUCOSAMINE-6-SULFATE	N[C@H]1[C@H](O)O[C@H](COS(O)(=O)=O)[C@@H](O)[C@@H]1O	C6H13NO8S	C04132	91674-26-9	HMDB0000592	259.036187087	5571	72361	6818	133343	8023	1	260.04349	0.88523	5490217	GLUCOSAMINE 6_SULFATE	GNPS-LIBRARY.mgf	0.822698	1.87769	7	ESI	Orbitrap	Commercial	Aron	David Hattan	M+H	260.043	1	Positive	Gold	GLUCOSAMINE 6_SULFATE	10
327	3-METHYLHISTAMINE	CN1C=NC=C1CCN (3-METHYLHISTAMINE)	C6H11N3	CSID62725	644-42-8	HMDB0001861 (3-METHYLHISTAMINE)	125.095297367	349189	69520	329817916	29009	7459	1	126.10276	0.74137	37815500	3-METHYLHISTAMINE	MONA.mgf	0.770526	1.87554	4	ESI	qTof	isolated	MoNA	MoNA:MoNA036171	M+H	126.103	3	positive	Bronze	3-METHYLHISTAMINE	3
331	N-FORMYL-L-METHIONINE	CSCC[C@H](NC=O)C(O)=O	C6H11NO3S	C03145	4289-98-9	HMDB0001015	177.045963913	4233	439750	24894839	16552	9153	0.978	178.05339	6.46334	9938350	fMet CollisionEnergy:205060	BERKELEY-LAB.mgf	0.98567	2.22815	7	LC-ESI	Orbitrap	Commercial	Trent Northen	JGI	M+H	178.053	3	Positive	Bronze	fMet CollisionEnergy:205060	10
334	5-HYDROXYTRYPTOPHAN	N[C@@H](CC1=CNC2=C1C=C(O)C=C2)C(O)=O	C11H12N2O3	C00643	4350-09-8	HMDB0000472	220.08479226	364	439280	24846778	17780	9360	1	221.09241	5.26167	24845142	Massbank:BML01223 Oxitriptan 1	MASSBANK.mgf	0.905857	1.93244	6	ESI	LC-ESI-QTOF	Isolated	Putative Massbank Match	Massbank	[M+H]+	221.092	3	Positive	Bronze	Massbank:BML01223 Oxitriptan 1	10
336	THEOBROMINE	CN1C=NC2=C1C(=O)NC(=O)N2C	C7H8N4O2	C07480	83-67-0	HMDB0002825	180.06472552	1456	5429	24277679	28946	8993	0.997	181.0721	6.34243	11032013	Theobromine	GNPS-LIBRARY.mgf	0.951158	0	7	LC-ESI	Orbitrap	Commercial	Rafael Garrett	Najla Moufarreg	M+H	181.072	3	Positive	Bronze	Theobromine	10
337	GUANIDINOSUCCINATE	NC(=N)N[C@@H](CC(O)=O)C(O)=O	C5H9N3O4	C03139	6133-30-8	HMDB0003157	175.059305791	10	439918	24895303	17072	9299	0.995	176.06645	1.04685	34746316	GUANIDINOSUCCINATE	GNPS-LIBRARY.mgf	0.94615	3.20659	8	ESI	Orbitrap	Commercial	Aron	David Hattan	M+H	176.067	1	Positive	Gold	GUANIDINOSUCCINATE	10
338	HISTIDINE	N[C@@H](CC1=CNC=N1)C(O)=O	C6H9N3O2	C00135	71-00-1	HMDB0000177	155.069476547	21	6274	24895816	15971	9667	1	156.07695	0.89719	44475724	Spectral Match to L-Histidine from METLIN	GNPS-NIST14-MATCHES.mgf	0.995234	0.195529	5	ESI	qTof	Isolated	Data from Pieter Dorrestein	Data deposited by daniel	M+H	156.077	3	Positive	Bronze	Spectral Match to L-Histidine from METLIN	10
339	ALLOTHREONINE	C[C@H](O)[C@H](N)C(O)=O	C4H9NO3	C05519	24830-94-2	HMDB0004041	119.058243159	3245	99289	24852626	28718	10975	1	120.06596	0.93658	30570708	Massbank:PB000405 Threonine|2-amino-3-hydroxybutanoic acid	MASSBANK.mgf	0.94164	0	4	ESI	LC-ESI-QTOF	Isolated	Putative Massbank Match	Massbank	[M+H]+	120.066	3	Positive	Bronze	Massbank:PB000405 Threonine|2-amino-3-hydroxybutanoic acid	10
341	SPERMIDINE	NCCCCNCCCN	C7H19N3	C00315	124-20-9	HMDB0001257	145.157897623	254	1102	24899529	16610	10354	0.908	146.16531	0.89931	33810136	Spermidine CollisionEnergy:205060	BERKELEY-LAB.mgf	0.962773	1.8791	5	LC-ESI	Orbitrap	Commercial	Trent Northen	JGI	M+H	146.165	3	Positive	Bronze	Spermidine CollisionEnergy:205060	10
345	ANSERINE	CN1C=NC=C1C[C@H](NC(=O)CCN)C(O)=O (ANSERINE)	C10H16N4O3	C01262	584-85-0	HMDB0000194 (ANSERINE)	240.122240398	4195	112072	24890509	18323	11346	1	241.12979	0.88719	9735444	Anserine - 40.0 eV	BIRMINGHAM-UHPLC-MS-POS.mgf	0.965487	0.696084	12	ESI	Orbitrap	Isolated	PI	Data Collector	M+H	241.13	1	Positive	Gold	Anserine - 40.0 eV	10
347	5-HYDROXYLYSINE	NC[C@H](O)CC[C@H](N)C(O)=O (5-HYDROXYLYSINE)	C6H14N2O3	C16741	1190-94-9	HMDB0000450 (5-HYDROXYLYSINE)	162.100442324	71304	3032849	24895397	18040	11431	0.94	163.10803	1.01063	25015626	5-HYDROXYLYSINE	MONA.mgf	0.893253	0.280651	6	ESI	Orbitrap	isolated	MoNA	MoNA:MoNA037231	M+H	163.108	3	positive	Bronze	5-HYDROXYLYSINE	10
349	OPHTHALMATE	CC[C@H](NC(=O)CC[C@H](N)C(O)=O)C(=O)NCC(O)=O	C11H19N3O6	CSID5381695	495-27-2	HMDB0005765	289.127385355	58300	7018721	223736346	84057	12191	1	290.13449	1.78453	25687890	OPHTHALMATE	GNPS-MSMLS.mgf	0.961754	1.9985	11	ESI	Orbitrap	Commercial	Dorrestein	Kelly Weldon	M+H	290.135	1	Positive	Gold	OPHTHALMATE	10
351	TRIGONELLINE	C[N+]1=CC(=CC=C1)C([O-])=O (TRIGONELLINE)	C7H7NO2	C01004	535-83-1	HMDB0000875 (TRIGONELLINE)	137.047678473	273	5570	329826825	18123	13077	0.993	138.05545	1.17619	68981336	TRIGONELLINE - 20.0 eV	GNPS-LIBRARY.mgf	0.971236	2.54212	5	ESI	Orbitrap	Isolated	Madeleine Ernst	Anna Abrahamsson	M+H	138.055	1	Positive	Gold	TRIGONELLINE - 20.0 eV	10
366	GALACTOSAMINE	N[C@H]1C(O)O[C@H](CO)[C@H](O)[C@@H]1O (GALACTOSAMINE)	C6H13NO5	C02262	7535-00-4	-	179.079374	63181	24154	24894912	60312	14457	1	180.08687	0.87742	14023682	GALACTOSAMINE	MONA.mgf	0.919826	0.593111	7	ESI	Orbitrap	isolated	MoNA	MoNA:MoNA037245	M+H	180.087	3	positive	Bronze	GALACTOSAMINE	10
371	N-ACETYLSERINE	CC(=O)N[C@@H](CO)C(O)=O	C5H9NO4	CSID312807	16354-58-8	HMDB0002931	147.053157781	308	65249	24890681	45441	15528	1	148.06058	1.36147	10613979	N-ACETYL-DL-SERINE - 40.0 eV	GNPS-LIBRARY.mgf	0.890751	4.22538	3	ESI	Orbitrap	Isolated	Madeleine Ernst	Anna Abrahamsson	M+H	148.06	1	Positive	Gold	N-ACETYL-DL-SERINE - 40.0 eV	10
386	SORBATE	C\C=C\C=C\C(O)=O (SORBATE)	C6H8O2	CSID558605	110-44-1	HMDB0029581 (SORBATE)	112.0524295	NA	643460	57653049	38358	27	0.974	113.06008	9.09441	2707212.2	sorbic acid CollisionEnergy:205060	BERKELEY-LAB.mgf	0.840013	0.472367	4	LC-ESI	Orbitrap	Commercial	Trent Northen	JGI	M+H	113.06	3	Positive	Bronze	sorbic acid CollisionEnergy:205060	3
388	GLUCONOLACTONE	OC[C@H]1OC(=O)[C@H](O)[C@@H](O)[C@@H]1O	C6H10O6	C00198	90-80-2	HMDB0000150	178.04774	353	7027	24895089	16217	335	1	179.05513	1.0089	1121684.2	"""GLUCONO-1,5-LACTONE"""	MONA.mgf	0.926121	0.681748	8	ESI	qTof	isolated	MoNA	MoNA:MoNA032318	M+H	179.055	3	positive	Bronze	"""GLUCONO-1,5-LACTONE"""	7
391	CORTISOL	[H][C@@]12CC[C@@](O)(C(=O)CO)[C@@]1(C)C[C@H](O)[C@@]1([H])[C@@]2([H])CCC2=CC(=O)CC[C@]12C	C21H30O5	C00735	50-23-7	HMDB0000063	362.20932407	272	5754	24278466	17650	909	0.972	363.21674	10.41728	34207772	Cortisol	GNPS-LIBRARY.mgf	0.928604	1.84845	15	LC-ESI	qTof	Commercial	Aldo Moreno Ulloa	Aldo Moreno Ulloa	M+H	363.216	3	Positive	Bronze	Cortisol	10
394	XANTHURENATE	OC(=O)C1=NC2=C(O)C=CC=C2C(O)=C1	C10H7NO4	C02470	59-00-7	HMDB0000881	205.037507717	5841	5699	24893378	10072	1597	1	206.04492	6.88706	59802068	xanthurenic acid CollisionEnergy:205060	BERKELEY-LAB.mgf	0.966554	0.0740556	3	LC-ESI	Orbitrap	Commercial	Trent Northen	JGI	M+H	206.045	3	Positive	Bronze	xanthurenic acid CollisionEnergy:205060	10
398	MELATONIN	COC1=CC2=C(NC=C2CCNC(C)=O)C=C1	C13H16N2O2	C01598	73-31-4	HMDB0001389	232.121177766	73	896	24278103	16796	2102	1	233.12852	9.52072	148488690	Melatonin_CE30	WFSR-LIBRARY.mgf	0.983051	1.83266	8	ESI	Orbitrap	Commercial	Federico Padilla-Gonzalez	"""Sjors Rasker, Wout Bergkamp"""	M+H	233.129	1	Positive	Gold	Melatonin_CE30	10
405	KYNURENATE	OC(=O)C1=CC(=O)C2=CC=CC=C2N1	C10H7NO3	C01717	492-27-3	HMDB0000715	189.042593095	5683	3845	24277986	18344	3547	0.999	190.04994	7.07925	129555070	kynurenic acid CollisionEnergy:205060	BERKELEY-LAB.mgf	0.988051	0.883171	4	LC-ESI	Orbitrap	Commercial	Trent Northen	JGI	M+H	190.05	3	Positive	Bronze	kynurenic acid CollisionEnergy:205060	10
410	3,5-DIIODO-L-TYROSINE	[H][C@](N)(CC1=CC(I)=C(O)C(I)=C1)C(O)=O (3,5-DIIODO-L-TYROSINE)	C9H9I2NO3	C01060	300-39-0	HMDB0003474 (3,5-DIIODO-L-TYROSINE)	432.867179999	985	9305	24893289	15768	4340	1	433.875	7.78314	43248572	3,5-DIIODO-L-TYROSINE - 40.0 eV	GNPS-LIBRARY.mgf	0.9064	2.2508	14	ESI	Orbitrap	Isolated	Madeleine Ernst	Anna Abrahamsson	M+H	433.874	1	Positive	Gold	3,5-DIIODO-L-TYROSINE - 40.0 eV	10
413	4-AMINOBENZOATE	NC1=CC=C(C=C1)C(O)=O	C7H7NO2	C00568	150-13-0	HMDB0001392	137.047678473	3261	978	24891403	30753	5043	0.991	138.05502	5.8868	107481990	4-AMINOBENZOIC ACID	MONA.mgf	0.958617	0.110527	6	ESI	Orbitrap	isolated	MoNA	MoNA:MoNA038715	M+H	138.055	3	positive	Bronze	4-AMINOBENZOIC ACID	10
416	CAFFEATE	OC(=O)\C=C/C1=CC=C(O)C(O)=C1	C9H8O4	C01481	331-39-5	HMDB0001964	180.042258744	3316	689043	24278290	16433	5178	1	181.04965	7.74805	1726309.5	Spectral Match to Caffeic acid from NIST14	GNPS-NIST14-MATCHES.mgf	0.91719	34.8062	5	ESI	qTof	Isolated	Data from Pieter Dorrestein	Data deposited by dfloros	M+H	181.056	3	Positive	Bronze	Spectral Match to Caffeic acid from NIST14	10
419	N-ACETYLPHENYLALANINE	CC(=O)N[C@@H](CC1=CC=CC=C1)C(O)=O	C11H13NO3	C03519	2018-61-3	HMDB0000512	207.089543287	5498	74839	24888445	16259	6294	1	208.09676	8.49352	43217324	Candidate Phenylalanine-C2:0 (delta mass:42.0106)	GNPS-N-ACYL-LIPIDS-MASSQL.mgf	0.990907	1.02656	8	LC-ESI	Orbitrap	Crude	Pieter Dorrestein	helenamrusso	M+H	208.097	4	Positive	Insilico	Candidate Phenylalanine-C2:0 (delta mass:42.0106)	10
420	N-ACETYLPROLINE	[H][C@]1(CCCN1C(C)=O)C(O)=O	C7H11NO3	CSID59528	68-95-1	HMDB0094701	157.073894	NA	66141	24890453	21560	6471	0.978	158.08128	5.65715	73565910	N-ACETYLPROLINE	GNPS-MSMLS.mgf	0.977275	1.9305	3	ESI	Orbitrap	Commercial	Dorrestein	Kelly Weldon	M+H	158.081	1	Positive	Gold	N-ACETYLPROLINE	10
421	L-TRYPTOPHANAMIDE	NC(CC1=CNC2=CC=CC=C12)C(N)=O (L-TRYPTOPHANAMIDE)	C11H13N3O	C00977	20696-57-5	HMDB0013318 (L-TRYPTOPHANAMIDE)	203.105862053	65546	439356	24899899	16533	6234	1	204.11322	6.25351	80825576	L-TRYPTOPHANAMIDE - 50.0 eV	GNPS-LIBRARY.mgf	0.93193	0.897079	6	ESI	Orbitrap	Isolated	Madeleine Ernst	Anna Abrahamsson	M+H	204.113	1	Positive	Gold	L-TRYPTOPHANAMIDE - 50.0 eV	10
423	N-METHYLTRYPTAMINE	CNCCC1=CNC2=CC=CC=C12	C11H14N2	C06213	61-49-4	HMDB0004370	174.115698458	63558	6088	348276315	28136	6942	1	175.12288	7.32908	56300480	N-OMEGA-METHYLTRYPTAMINE	MONA.mgf	0.991946	0.784187	4	ESI	Orbitrap	isolated	MoNA	MoNA:MoNA037425	M+H	175.123	3	positive	Bronze	N-OMEGA-METHYLTRYPTAMINE	10
428	FERULATE	COC1=C(O)C=CC(\C=C\C(O)=O)=C1	C10H10O4	C01494	1135-24-6	HMDB0000954	194.057908808	4156	445858	329769805	17620	7767	1	195.06509	8.90148	2732178.8	FERULATE - 50.0 eV	GNPS-LIBRARY.mgf	0.855167	0.782241	5	ESI	Orbitrap	Isolated	Madeleine Ernst	Anna Abrahamsson	M+H	195.065	1	Positive	Gold	FERULATE - 50.0 eV	10
429	GLYCOCHOLATE	C[C@H](CCC(O)=NCC(O)=O)[C@H]1CC[C@H]2[C@@H]3[C@H](O)C[C@@H]4C[C@H](O)CC[C@]4(C)[C@H]3C[C@H](O)[C@]12C (GLYCOCHOLATE)	C26H43NO6	C01921	475-31-0	HMDB0000138 (GLYCOCHOLATE)	465.309038113	202	10140	24895107	17687	7940	1	466.31595	11.39548	12071127	Glycocholic acid - 40.0 eV	BIRMINGHAM-UHPLC-MS-POS.mgf	0.919789	2.02876	21	ESI	Orbitrap	Isolated	PI	Data Collector	M+H	466.317	1	Positive	Gold	Glycocholic acid - 40.0 eV	10
433	GLYCOCHENODEOXYCHOLATE	[H][C@@]1(CC[C@@]2([H])[C@]3([H])[C@H](O)C[C@]4([H])C[C@H](O)CC[C@]4(C)[C@@]3([H])CC[C@]12C)[C@H](C)CCC(=O)NCC(O)=O (GLYCOCHENODEOXYCHOLATE)	C26H43NO5	C05466	640-79-9	HMDB0000637 (GLYCOCHENODEOXYCHOLATE)	449.314124	203	12544	24895023	36274	8473	1	450.32166	12.66813	10719261	GUDCA - 40.0 eV	BIRMINGHAM-UHPLC-MS-POS.mgf	0.846959	0.880989	13	ESI	Orbitrap	Isolated	PI	Data Collector	M+H	450.322	1	Positive	Gold	GUDCA - 40.0 eV	10
449	LIPOAMIDE	NC(=O)CCCCC1CCSS1	C8H15NOS2	C00248	940-69-2	HMDB0000962	205.059505487	3372	863	3547	17460	12412	1	206.06691	9.99391	47714184	LIPOAMIDE - 50.0 eV	GNPS-LIBRARY.mgf	0.902105	0.296191	7	ESI	Orbitrap	Isolated	Madeleine Ernst	Anna Abrahamsson	M+H	206.067	1	Positive	Gold	LIPOAMIDE - 50.0 eV	10
454	5-METHYLCYTIDINE	CC1=CN([C@@H]2O[C@H](CO)[C@@H](O)[C@H]2O)C(=O)N=C1N	C10H15N3O5	CSID83877	2140-61-6	HMDB0000982	257.101170605	5919	92918	24896915	20607	12885	0.999	258.10834	1.81474	32846294	5_METHYLCYTIDINE	GNPS-LIBRARY.mgf	0.976342	1.41883	3	ESI	Orbitrap	Commercial	Aron	David Hattan	M+H	258.108	1	Positive	Gold	5_METHYLCYTIDINE	9
457	HIPPURATE	OC(=O)CNC(=O)C1=CC=CC=C1	C9H9NO3	C01586	495-69-2	HMDB0000714	179.058243159	1301	464	57646893	18089	12692	1	180.0656	7.53057	24698648	Hippuric acid CollisionEnergy:205060	BERKELEY-LAB.mgf	0.986226	2.71168	5	LC-ESI	Orbitrap	Commercial	Trent Northen	JGI	M+H	180.066	3	Positive	Bronze	Hippuric acid CollisionEnergy:205060	10
462	4-HYDROXYBENZALDEHYDE	OC1=CC=C(C=O)C=C1	C7H6O2	C00633	123-08-0	HMDB0011718	122.036779436	62451	126	24848630	17597	13318	0.999	123.04446	7.93574	4343116	4-hydroxybenzaldehyde CollisionEnergy:102040	BERKELEY-LAB.mgf	0.976324	3.53431	3	LC-ESI	Orbitrap	Commercial	Trent Northen	JGI	M+H	123.044	3	Positive	Bronze	4-hydroxybenzaldehyde CollisionEnergy:102040	10
464	3-METHOXYTYRAMINE	COC1=C(O)C=CC(CCN)=C1 (3-METHOXYTYRAMINE)	C9H13NO2	C05587	554-52-9	HMDB0000022 (3-METHOXYTYRAMINE)	167.094628665	67	1669	24277898	1582	13634	0.999	168.10188	4.90783	64670468	3-METHOXYTYRAMINE	MONA.mgf	0.86342	0.90771	5	ESI	qTof	isolated	MoNA	MoNA:MoNA032400	M+H	168.102	3	positive	Bronze	3-METHOXYTYRAMINE	10
479	GLUCOSE-1-PHOSPHATE	OC[C@H]1OC(OP(O)(O)=O)[C@H](O)[C@@H](O)[C@@H]1O (GLUCOSE 1-PHOSPHATE)	C6H13O9P	C00103	59-56-3	HMDB0001586 (GLUCOSE 1-PHOSPHATE)	260.029718526	379	65533	24895281	29042	15418	1	261.03687	0.88932	995317.06	Cori ester (alpha-anomer) - 40.0 eV	BIRMINGHAM-UHPLC-MS-POS.mgf	0.980798	0.233818	7	ESI	Orbitrap	Isolated	PI	Data Collector	M+H	261.037	1	Positive	Gold	Cori ester (alpha-anomer) - 40.0 eV	10
482	4-QUINOLINECARBOXYLATE	C1=CC=C2C(=C1)C(=CC=N2)C(=O)O	C10H7NO2	C06414	486-74-8	-	173.047679	66397	10243	24850356	18311	584	0.999	174.05548	3.58868	102009150	Quinoline-4-carboxylic acid CollisionEnergy:205060	BERKELEY-LAB.mgf	0.967192	2.71766	4	LC-ESI	Orbitrap	Commercial	Trent Northen	JGI	M+H	174.055	3	Positive	Bronze	Quinoline-4-carboxylic acid CollisionEnergy:205060	10
484	DETHIOBIOTIN	C[C@@H]1NC(=O)N[C@@H]1CCCCCC(O)=O	C10H18N2O3	C01909	533-48-2	HMDB0003581	214.131742452	3351	445027	24893431	42280	1849	1	215.13965	8.35428	41371856	DETHIOBIOTIN - 70.0 eV	GNPS-LIBRARY.mgf	0.861928	3.04979	7	ESI	Orbitrap	Isolated	Madeleine Ernst	Anna Abrahamsson	M+H	215.139	1	Positive	Gold	DETHIOBIOTIN - 70.0 eV	5
487	N-ACETYLSEROTONIN	CC(=O)NCCC1=CNC2=C1C=C(O)C=C2	C12H14N2O2	C00978	1210-83-9	HMDB0001238	218.105527702	366	903	24278209	17697	1741	1	219.11356	7.7252	39943572	N-ACETYL-5-HYDROXYTRYPTAMINE	MONA.mgf	0.982595	2.78556	7	ESI	qTof	isolated	MoNA	MoNA:MoNA032876	M+H	219.113	3	positive	Bronze	N-ACETYL-5-HYDROXYTRYPTAMINE	10
488	N-ETHYL-5-METHYL-2-(1-METHYLETHYL)-CYCLOHEXANECARBOXAMIDE	CCNC(=O)C1CC(C)CCC1C(C)C	C13H25NO	CSID56632	39711-79-0	HMDB0037834	211.193614427	92642	62907	24901712	NA	2832	0.792	212.20146	13.29172	179992590	Massbank:LU130203 N-Ethyl-4-menthane-3-carboxamide|N-Ethyl-p-menthane-3-carboxamide|N-ethyl-5-methyl-2-propan-2-ylcyclohexane-1-carboxamide	MASSBANK.mgf	0.977443	1.9415	9	ESI	Hybrid FT	Isolated	Massbank	Massbank	M+H	212.201	3	Positive	Bronze	Massbank:LU130203 N-Ethyl-4-menthane-3-carboxamide|N-Ethyl-p-menthane-3-carboxamide|N-ethyl-5-methyl-2-propan-2-ylcyclohexane-1-carboxamide	10
505	N-ACETYLLEUCINE	CC(C)C[C@H](NC(C)=O)C(O)=O	C8H15NO3	C02710	1188-21-2	HMDB0011756	173.105193351	43866	70912	24867665	17786	5430	1	174.1132	8.08624	45325824	N-ACETYL-LEUCINE	MONA.mgf	0.994969	6.66047	5	ESI	Orbitrap	isolated	MoNA	MoNA:MoNA037315	M+H	174.112	3	positive	Bronze	N-ACETYL-LEUCINE	10
509	INDOLE-3-METHYL-ACETATE	COC(=O)CC1=CNC2=C1C=CC=C2	C11H11NO2	CSID67279	1912-33-0	HMDB0029738	189.078978601	86457	74706	24896162	72782	7069	1	190.08708	11.74381	3282001.8	METHYL INDOLE-3-ACETATE	MONA.mgf	0.961249	5.77966	3	ESI	qTof	isolated	MoNA	MoNA:MoNA032477	M+H	190.086	3	positive	Bronze	METHYL INDOLE-3-ACETATE	10
515	SALSOLINOL	[H][C@@]1(C)NCCC2=CC(O)=C(O)C=C12 (SALSOLINOL)	C10H13NO2	C09642	27740-96-1	HMDB0042012 (SALSOLINOL)	179.094629	44804	91588	329825394	113	6705	0.962	180.10258	2.45311	59787320	1-METHYL-6,7-DIHYDROXY-1,2,3,4-TETRAHYDROISOQUINOLINE - 60.0 eV	GNPS-LIBRARY.mgf	0.821443	3.05003	4	ESI	Orbitrap	Isolated	Madeleine Ernst	Anna Abrahamsson	M+H	180.102	1	Positive	Gold	1-METHYL-6,7-DIHYDROXY-1,2,3,4-TETRAHYDROISOQUINOLINE - 60.0 eV	5
530	3-METHYLADENINE	CN1C=NC(N)=C2N=CN=C12	C6H7N5	C00913	5142-23-4	HMDB0011600	149.070145249	62375	1673	24897326	38635	10534	0.983	150.07793	1.56438	99018590	3-METHYLADENINE - 70.0 eV	GNPS-LIBRARY.mgf	0.803572	6.20206	5	ESI	Orbitrap	Isolated	Madeleine Ernst	Anna Abrahamsson	M+H	150.077	1	Positive	Gold	3-METHYLADENINE - 70.0 eV	10
532	BIOTIN	[H][C@]12CS[C@@H](CCCCC(O)=O)[C@@]1([H])NC(=O)N2	C10H16N2O3S	C00120	58-85-5	HMDB0000030	244.088163078	243	171548	24891778	15956	10137	1	245.0965	7.84627	14172575	Massbank:LU132804 Biotin|5-[(3aS,4S,6aR)-2-oxo-1,3,3a,4,6,6a-hexahydrothieno[3,4-d]imidazol-4-yl]pentanoic acid	MASSBANK.mgf	0.85796	6.03889	11	ESI	Hybrid FT	Isolated	Massbank	Massbank	M+H	245.095	3	Positive	Bronze	Massbank:LU132804 Biotin|5-[(3aS,4S,6aR)-2-oxo-1,3,3a,4,6,6a-hexahydrothieno[3,4-d]imidazol-4-yl]pentanoic acid	10
536	5-HYDROXYINDOLEACETATE	OC(=O)CC1=CNC2=CC=C(O)C=C12	C10H9NO3	C05635	54-16-0	HMDB0000763	191.058243159	2975	1826	24278130	27823	10936	0.994	192.06628	7.49218	5573870	Massbank:PB001382 5-Hydroxyindole-3-acetic acid|2-(5-hydroxy-1H-indol-3-yl)acetic acid	MASSBANK.mgf	0.972203	1.35057	4	ESI	LC-ESI-QTOF	Isolated	Putative Massbank Match	Massbank	[M+H]+	192.066	3	Positive	Bronze	Massbank:PB001382 5-Hydroxyindole-3-acetic acid|2-(5-hydroxy-1H-indol-3-yl)acetic acid	10
542	XYLITOL	OC[C@H](O)C(O)[C@H](O)CO	C5H12O5	C00379	87-99-0	HMDB0002917	152.068473494	3274	6912	24902140	17151	11611	1	153.07637	0.96336	1160594.2	XYLITOL	MONA.mgf	0.986104	2.49203	7	ESI	Orbitrap	isolated	MoNA	MoNA:MoNA037087	M+H	153.076	3	positive	Bronze	XYLITOL	8
551	MANNITOL	OC[C@@H](O)[C@@H](O)[C@H](O)[C@H](O)CO	C6H14O6	C00392	69-65-8	HMDB0000765	182.07903818	142	6251	24896902	16899	13358	1	183.08725	0.94434	2290485.2	MANNITOL	MONA.mgf	0.993222	7.08409	9	ESI	Orbitrap	isolated	MoNA	MoNA:MoNA037084	M+H	183.086	3	positive	Bronze	MANNITOL	10
556	L-GULONOLACTONE	C(C(C1C(C(C(=O)O1)O)O)O)O	C6H10O6	C05410	6322-07-2	-	178.047738052	64612	165105	24853122	5571	13585	0.785	179.05579	0.94917	318553.6	GULONIC ACID GAMMA-LACTONE	MONA.mgf	0.969399	4.26092	8	ESI	Orbitrap	isolated	MoNA	MoNA:MoNA037088	M+H	179.055	3	positive	Bronze	GULONIC ACID GAMMA-LACTONE	8
